[
  {
    "value": "อำเภอเมือง",
    "synonyms": [
      "เมือง",
      "อำเภอเมืองขอนแก่น",
      "เมืองขอนแก่น",
      "เมืองขก",
      "อำเภอเมืองขก",
      "ขก"
    ]
  },
  {
    "value": "อำเภออุบลรัตน์",
    "synonyms": [
      "อำเภออุบลรัตน์",
      "อุบลรัตน์",
      "เขื่อน",
      "เขื่อนอุบลรัตน์"
    ]
  },
  {
    "value": "อำเภอเขาสวนกวาง",
    "synonyms": [
      "อำเภอเขาสวนกวาง",
      "เขาสวนกวาง"
    ]
  },
  {
    "value": "อำเภอน้ำพอง",
    "synonyms": [
      "อำเภอน้ำพอง",
      "น้ำพอง"
    ]
  },
  {
    "value": "อำเภอสีชมพู",
    "synonyms": [
      "อำเภอสีชมพู",
      "สีชมพู"
    ]
  },
  {
    "value": "อำเภอภูเวียง",
    "synonyms": [
      "อำเภอภูเวียง",
      "ภูเวียง"
    ]
  },
  {
    "value": "อำเภอหนองเรือ",
    "synonyms": [
      "อำเภอหนองเรือ",
      "หนองเรือ"
    ]
  },
  {
    "value": "อำเภอชุมแพ",
    "synonyms": [
      "อำเภอชุมแพ",
      "ชุมแพ"
    ]
  },
  {
    "value": "อำเภอเปือยน้อย",
    "synonyms": [
      "อำเภอเปือยน้อย",
      "เปือยน้อย"
    ]
  },
  {
    "value": "อำเภอภูผาม่าน",
    "synonyms": [
      "อำเภอภูผาม่าน",
      "ภูผาม่าน",
      "ผาม่าน"
    ]
  },
  {
    "value": "อำเภอกระนวน",
    "synonyms": [
      "อำเภอกระนวน",
      "กระนวน"
    ]
  },
  {
    "value": "อำเภอเวียงเก่า",
    "synonyms": [
      "อำเภอเวียงเก่า",
      "เวียงเก่า"
    ]
  },
  {
    "value": "อำเภอบ้านฝาง",
    "synonyms": [
      "อำเภอบ้านฝาง",
      "บ้านฝาง"
    ]
  }
]