[
  {
    "value": "ค่าเข้า",
    "synonyms": [
      "ค่าเข้า",
      "ค่าเข้าชม",
      "ค่าธรรมเนียมการเข้า",
      "ค่าธรรมเนียม",
      "ค่าบริการ",
      "ค่าผ่านประตู",
      "ค่าตั๋ว",
      "ค่าบัตรผ่าน",
      "ค่าเข้าร่วม",
      "ราคาบัตร",
      "ราคาเข้าชม",
      "ราคาตั๋ว",
      "ราคาค่าบริการ",
      "ราคาบัตรผ่าน",
      "ค่าใช้จ่าย",
      "ค่าเข้าใช้",
      "ค่าเก็บเงิน",
      "ค่าผ่านด่าน",
      "ค่าเช้าชม",
      "ค่าใช้บริการ",
      "ค่าเข้าใช้งาน",
      "ค่า",
      "จ่าย",
      "เข้า",
      "เข้าฟรีไหม",
      "บัตรเข้า",
      "บัตรเข้าชม"
    ]
  },
  {
    "value": "เสียค่าเข้า",
    "synonyms": [
      "เสียค่าเข้า",
      "เสียค่าเข้าชม",
      "เสียค่าเข้าชมสถานที่",
      "เสียค่าใช้จ่ายในการเข้า",
      "เสียค่าธรรมเนียม",
      "เสียค่าบริการ",
      "เสียเงินเข้า",
      "เสียค่าเข้าเยี่ยมชม",
      "ค่าเข้าชมสถานที่",
      "ค่าเข้าชมสำหรับผู้ใหญ่",
      "ค่าเข้าชมสำหรับ",
      "ค่าเข้าชมสำหรับคนไทย",
      "เสียค่าเข้าชมสำหรับ",
      "ค่าเข้าชมสำหรับคนพิการ"
    ]
  },
  {
    "value": "ราคา",
    "synonyms": [
      "ราคา",
      "กี่บาท"
    ]
  }
]