[
  {
    "value": "สวนสัตว์ขอนแก่น",
    "synonyms": [
      "สวนสัตว์ขอนแก่น",
      "ขอนแก่นซู, สวนสัตว์จังหวัดขอนแก่น",
      "สวนสัตว์"
    ]
  },
  {
    "value": "พิพิธภัณฑ์ไดโนเสาร์ภูเวียง",
    "synonyms": [
      "พิพิธภัณฑ์ไดโนเสาร์ภูเวียง",
      "ไดโนเสาร์ภูเวียง",
      "ไดโนเสาร์"
    ]
  },
  {
    "value": "เขื่อนอุบลรัตน์",
    "synonyms": [
      "เขื่อนอุบลรัตน์"
    ]
  },
  {
    "value": "จุดชมวิวหินช้างสี",
    "synonyms": [
      "จุดชมวิวหินช้างสี",
      "หินช้างสี"
    ]
  },
  {
    "value": "บางแสน 2",
    "synonyms": [
      "บางแสน 2"
    ]
  },
  {
    "value": "บึงแก่นนคร",
    "synonyms": [
      "บึงแก่นนคร"
    ]
  },
  {
    "value": "อุทยานแห่งชาติภูผาม่าน",
    "synonyms": [
      "อุทยานแห่งชาติภูผาม่าน",
      "ภูผาม่าน",
      "ภูผามาน",
      "อุทยานภุผาม่าน"
    ]
  },
  {
    "value": "ตลาดต้นตาล",
    "synonyms": [
      "ตลาดต้นตาล",
      "ต้นตาล",
      "ตลาดนัดต้นตาล",
      "Tontan"
    ]
  },
  {
    "value": "พระมหาธาตุแก่นนคร",
    "synonyms": [
      "พระมหาธาตุแก่นนคร (วัดหนองแวง)",
      "วัดหนองแวง",
      "พระมหาธาตุแก่นนคร",
      "พระมหาธาตุ"
    ]
  },
  {
    "value": "ศาลหลักเมือง",
    "synonyms": [
      "ศาลหลักเมือง"
    ]
  },
  {
    "value": "พระธาตุขามแก่น",
    "synonyms": [
      "พระธาตุขามแก่น",
      "ขามแก่น"
    ]
  },
  {
    "value": "อุทยานแห่งชาติน้ำพอง",
    "synonyms": [
      "อุทยานแห่งชาติน้ำพอง"
    ]
  },
  {
    "value": "น้ำตกบ๋าหลวง",
    "synonyms": [
      "น้ำตกบ๋าหลวง",
      "บ๋าหลวง"
    ]
  },
  {
    "value": "วัดทุ่งเศรษฐี",
    "synonyms": [
      "วัดทุ่งเศรษฐี",
      "ทุ่งเศรษฐี"
    ]
  },
  {
    "value": "วัดถ้ำแสงธรรม",
    "synonyms": [
      "วัดถ้ำแสงธรรม",
      "ถ้ำแสงธรรม",
      "แสงธรรม"
    ]
  },
  {
    "value": "ป่าสนดงลาน",
    "synonyms": [
      "ป่าสนดงลาน",
      "สวนดงลาน",
      "ป่าสน",
      "ดงลาน"
    ]
  },
  {
    "value": "ถนนคนเดินขอนแก่น",
    "synonyms": [
      "ถนนคนเดินขอนแก่น",
      "คนเดินขอนแก่น"
    ]
  },
  {
    "value": "ผาชมตะวัน",
    "synonyms": [
      "ผาชมตะวัน"
    ]
  },
  {
    "value": "อุทยานแห่งชาติภูเวียง",
    "synonyms": [
      "อุทยานแห่งชาติภูเวียง",
      "อุทยานภูเวียง"
    ]
  },
  {
    "value": "Khonkaen Exotic Pets \u0026 The Fountain Show",
    "synonyms": [
      "เอ็กโซติค",
      "สวนสัตว์เอ็กโซติค",
      "Khonkaen Exotic Pets",
      "เอ๊กซอติค",
      "Khonkaen Exotic Pets \u0026 The Fountain Show"
    ]
  },
  {
    "value": "สวนน้ำสวนสัตว์ขอนแก่น",
    "synonyms": [
      "สวนน้ำสวนสัตว์ขอนแก่น",
      "สวนน้ำขอนแก่น"
    ]
  },
  {
    "value": "สวนน้ำไดโนวอเตอร์ปาร์ค",
    "synonyms": [
      "สวนน้ำไดโนวอเตอร์ปาร์ค",
      "ไดโนวอเตอร์ปาร์ค"
    ]
  },
  {
    "value": "บึงทุ่งสร้าง",
    "synonyms": [
      "บึงทุ่งสร้าง"
    ]
  },
  {
    "value": "บึงสีฐาน",
    "synonyms": [
      "บึงสีฐาน",
      "สีฐาน"
    ]
  },
  {
    "value": "ปราสาทเปือยน้อย",
    "synonyms": [
      "ปราสาทเปือยน้อย",
      "เปือยน้อย"
    ]
  },
  {
    "value": "เปิดท้ายหอกาญ",
    "synonyms": [
      "เปิดท้ายหอกาญ",
      "เปิดท้าย",
      "ตลาดนัดเปิดท้าย",
      "เปิดท้ายมข",
      "ตลาดเปิดท้ายมข",
      "เปิดท้ายมอขอ"
    ]
  },
  {
    "value": "เซ็นทรัลขอนแก่น",
    "synonyms": [
      "เซ็นทรัลขอนแก่น",
      "เซ็นทรัล"
    ]
  },
  {
    "value": "แฟรี่พลาซ่า",
    "synonyms": [
      "แฟรี่พลาซ่า",
      "แฟรี่"
    ]
  },
  {
    "value": "วัดถ้ำผาเกิ้ง",
    "synonyms": [
      "วัดถ้ำผาเกิ้ง",
      "ผาเกิ้ง"
    ]
  },
  {
    "value": "วัดป่าแสงอรุณ",
    "synonyms": [
      "วัดป่าแสงอรุณ",
      "ป่าแสงอรุณ",
      "แสงอรุณ"
    ]
  },
  {
    "value": "วัดแก้วจักรพรรดิสิริสุทธาวาส",
    "synonyms": [
      "วัดแก้วจักรพรรดิสิริสุทธาวาส",
      "แก้วจักรพรรดิสิริสุทธาวาส",
      "แก้วจักรพรรดิ",
      "แก้วจักรพรรดิสิริสุท"
    ]
  },
  {
    "value": "เทวาลัยศิวะมหาเทพ",
    "synonyms": [
      "เทวาลัยศิวะมหาเทพ",
      "ศิวะมหาเทพ",
      "เทวาลัยศิวะ"
    ]
  },
  {
    "value": "จุดชมวิวหนองสมอ",
    "synonyms": [
      "จุดชมวิวหนองสมอ"
    ]
  },
  {
    "value": "ถ้ำค้างคาว",
    "synonyms": [
      "ถ้ำค้างคาว"
    ]
  },
  {
    "value": "น้ำตกตาดใหญ่",
    "synonyms": [
      "น้ำตกตาดใหญ่",
      "ตาดใหญ่"
    ]
  },
  {
    "value": "น้ำผุดตาดเต่า",
    "synonyms": [
      "น้ำผุดตาดเต่า",
      "ผุดตาดเต่า"
    ]
  },
  {
    "value": "บ้านผาสุก",
    "synonyms": [
      "บ้านผาสุก",
      "ผาสุก"
    ]
  },
  {
    "value": "ล่องแพห้วยม่วง",
    "synonyms": [
      "ล่องแพห้วยม่วง"
    ]
  },
  {
    "value": "บะหมี่กวงตัง",
    "synonyms": [
      "บะหมี่กวงตัง",
      "กวงตัง"
    ]
  },
  {
    "value": "ก๋วยเตี๋ยวเนื้อเฮียจ่อย",
    "synonyms": [
      "ก๋วยเตี๋ยวเนื้อเฮียจ่อย",
      "เฮียจ่อย",
      "เฮียจ่อยก๋วยเตี๋ยวเนื้อ"
    ]
  },
  {
    "value": "เล้งเย็นตาโฟ",
    "synonyms": [
      "เล้งเย็นตาโฟ",
      "เล้งเย็นตาโฟ ขอนแก่น",
      "เล้ง"
    ]
  },
  {
    "value": "ศรีเรือนผัดไทย",
    "synonyms": [
      "ศรีเรือนผัดไทย",
      "ศรีเรือนผัดไทย (สาขาถนนรื่นจิตร)",
      "ศรีเรือน",
      "ผัดไทศรีเรือน",
      "ผัดไทยศรีเรือน"
    ]
  },
  {
    "value": "โจ๊ก ก๋วยจั๊บ ต้มเส้น บัตรคิว",
    "synonyms": [
      "โจ๊ก ก๋วยจั๊บ ต้มเส้น บัตรคิว",
      "โจ๊กก๋วยจั๊บ",
      "โจ๊กบัตรคิว",
      "ก๋วยจั๊บ ต้มเส้น บัตรคิว",
      "โจ๊กก๋วยจั๊บ ต้มเส้นบัตรคิว",
      "โจ๊กก๋วยจั๊บบัตรคิว",
      "ก๋วยจั๊บบัตรคิว",
      "โจ๊ก ก๋วยจั๊บ"
    ]
  },
  {
    "value": "เฝอท่าบ่อ",
    "synonyms": [
      "เฝอท่าบ่อ",
      "เฝอ"
    ]
  },
  {
    "value": "เกาเหลาเซี่ยงจี๊-เลือดหมูเจ้าเก่า",
    "synonyms": [
      "เกาเหลาเซี่ยงจี๊-เลือดหมู",
      "เกาเหลาเซี่ยงจี๊-เลือดหมู เจ้าเก่า",
      "เกาเหลาเซี่ยงจี๊-เลือดหมูเจ้าเก่า",
      "เกาเหลาเซี่ยงจี๊",
      "เลือดหมูเจ้าเก่า"
    ]
  },
  {
    "value": "ข้าวต้มซ้ง 24 น.",
    "synonyms": [
      "ข้าวต้มซ้ง 24 น.",
      "ข้าวต้มซ้ง"
    ]
  },
  {
    "value": "ขอนแก่น คอหมูย่าง",
    "synonyms": [
      "ขอนแก่น คอหมูย่าง",
      "คอหมูย่างขอนแก่น"
    ]
  },
  {
    "value": "ประไพร",
    "synonyms": [
      "ประไพร",
      "ร้านอาหารประไพร สนามบิน ขอนแก่น (Praprai Khonkaen)",
      "Praprai Khonkaen",
      "Praprai",
      "ร้านอาหารประไพร",
      "ร้านอาหารประไพร ขอนแก่น"
    ]
  },
  {
    "value": "ตำกระเทย สาเกต",
    "synonyms": [
      "ตำกระเทย สาเกต",
      "Tumkratoei Sagate",
      "ตำกระเทย",
      "กระเทย สาเกต"
    ]
  },
  {
    "value": "มีกินฟาร์ม",
    "synonyms": [
      "มีกินฟาร์ม Mekin Farm",
      "มีกินฟาร์ม",
      "Mekin Farm"
    ]
  },
  {
    "value": "ประสิทธิ์โภชนา",
    "synonyms": [
      "ประสิทธิ์โภชนา",
      "ประสิทธิ์โภชนา (Prasit Pochana)",
      "Prasit Pochana"
    ]
  },
  {
    "value": "สุขใจแลนด์",
    "synonyms": [
      "สุขใจแลนด์",
      "สุขใจ"
    ]
  },
  {
    "value": "ไก่ย่างวรรณา",
    "synonyms": [
      "ไก่ย่างวรรณา",
      "วรรณา",
      "วรรณาไก่ย่าง"
    ]
  },
  {
    "value": "ไก่ย่างระเบียบ เขาสวนกวาง",
    "synonyms": [
      "ไก่ย่างระเบียบ เขาสวนกวาง",
      "ไก่ย่างระเบียบ",
      "ระเบียบไก่ย่าง"
    ]
  },
  {
    "value": "สีนานวลคาเฟ่",
    "synonyms": [
      "สีนานวล คาเฟ่ (กังสดาล)",
      "สีนานวล คาเฟ่",
      "สีนานวลคาเฟ่"
    ]
  },
  {
    "value": "ร้านอาหารแก่น",
    "synonyms": [
      "แก่น"
    ]
  },
  {
    "value": "ครัวสุพรรณิกา",
    "synonyms": [
      "ครัวสุพรรณิการ์ บาย คุณยายสมศรี",
      "ครัวสุพรรณิกา",
      "Supanniga Home",
      "ครัวสุพรรณิการ์ (Supanniga Home)",
      "Supanniga"
    ]
  },
  {
    "value": "คุณแจง ก๋วยเตี๋ยวปากหม้อเข้าวัง",
    "synonyms": [
      "คุณแจง ก๋วยเตี๋ยวปากหม้อเข้าวัง",
      "Khun Jaeng Guay Tiew Pak Mor Kao Wang",
      "คุณแจง",
      "ก๋วยเตี๋ยวปากหม้อเข้าวัง"
    ]
  },
  {
    "value": "Vacca Italian Restaurant",
    "synonyms": [
      "Vacca Italian Restaurant",
      "Vacca Italian",
      "Vacca"
    ]
  },
  {
    "value": "บ้านเฮง",
    "synonyms": [
      "บ้านเฮง"
    ]
  },
  {
    "value": "มานะโภชนาการ",
    "synonyms": [
      "มานะโภชนาการ",
      "มานะ"
    ]
  },
  {
    "value": "อุทยานแห่งชาติภูเก้า-ภูพานคำ",
    "synonyms": [
      "อุทยานแห่งชาติภูเก้า-ภูพานคำ",
      "อุทยานแห่งชาติภูเก้าภูพานคำ",
      "อุทยานแห่งชาติภูเก้า ภูพานคำ",
      "ภูเก้า-ภูพานคำ",
      "ภูเก้า ภูพานคำ",
      "ภูเก้า",
      "ภูพานคำ",
      "Phu Kao Phu Phan Kham"
    ]
  },
  {
    "value": "ร้านไมล์ ขอนแก่น (Miles)",
    "synonyms": [
      "ร้านไมล์ ขอนแก่น (Miles)",
      "ร้านไมล์",
      "ร้านไมล์ ขอนแก่น",
      "Miles",
      "ร้าน Miles",
      "ไมล์ ขอนแก่น",
      "ไมล์"
    ]
  },
  {
    "value": "ร้านประชาสโมสร",
    "synonyms": [
      "ร้านประชาสโมสร",
      "ประชาสโมสร",
      "ร้านประสา",
      "ประชาสโม"
    ]
  },
  {
    "value": "สมายล์ ขอนแก่น (Smile at Waterside)",
    "synonyms": [
      "สมายล์ ขอนแก่น (Smile at Waterside)",
      "สมายล์ ขอนแก่น",
      "Smile at Waterside",
      "สมายล์"
    ]
  },
  {
    "value": "โต้งปลาเผา",
    "synonyms": [
      "โต้งปลาเผา",
      "ปลาเผา",
      "โต้งปลา",
      "โต้งปลาย่าง",
      "Tong Plapao"
    ]
  },
  {
    "value": "แซบนัว ครัวอิสาน",
    "synonyms": [
      "แซบนัว ครัวอิสาน",
      "Zab Nour",
      "แซบนัว",
      "ร้านแซบนัว ครัวอิสาน"
    ]
  },
  {
    "value": "จ้วดคาเฟ่ (Juad Cafe)",
    "synonyms": [
      "จ้วดคาเฟ่",
      "ร้านจ้วดคาเฟ่",
      "จ๊าด",
      "จ้วดคาเฟ่ (Juad Cafe)",
      "Juad Cafe"
    ]
  },
  {
    "value": "คัม",
    "synonyms": [
      "คัม",
      "ร้านคัม",
      "ร้านคัม ขอนแก่น",
      "คัม ขอนแก่น",
      "คัมปิ้งย่าง"
    ]
  },
  {
    "value": "GAJA Grill \u0026 Shabu Korean buffet",
    "synonyms": [
      "GAJA Grill \u0026 Shabu Korean buffet",
      "กาจา กริลล์ แอนด์ ชาบู โคเรียน บุฟเฟ่ต์",
      "กาจา กริลล์",
      "กาจา กริลล์ แอนด์ ชาบู"
    ]
  },
  {
    "value": "เดอะนัวหมูกระทะบุฟเฟต์",
    "synonyms": [
      "เดอะนัวหมูกระทะบุฟเฟต์",
      "เดอะนัว",
      "เดอะนัวหมูกระทะ",
      "หมูกระทะเดอะนัว",
      "หมูทะเดอะนัว",
      "เดอะนัวหมูทะ"
    ]
  },
  {
    "value": "Dragon Grill BBQ",
    "synonyms": [
      "Dragon Grill BBQ ขอนแก่น",
      "Dragon Grill BBQ",
      "ดราก้อน",
      "ดราก้อกิล",
      "Dragon Grill BBQ ขอนแก่นปิ้งย่างชั้นดี น้ำจิ้มบาร์บีคิวสูตรเด็ดไม่เหมือนใคร"
    ]
  },
  {
    "value": "นายตอง หมูกระทะ",
    "synonyms": [
      "นายตอง หมูกระทะ",
      "นายตอง",
      "หมูทะนายตอง",
      "นายตองหมูกระทะ"
    ]
  },
  {
    "value": "ปลาวาฬใจดี สุกี้\u0026ชาบู",
    "synonyms": [
      "ปลาวาฬใจดี สุกี้\u0026ชาบู",
      "ชาบูปลาวาฬ",
      "ปลาวาฬชาบู"
    ]
  },
  {
    "value": "Sometime On A Sunday Café",
    "synonyms": [
      "Sometime On A Sunday Café",
      "ซัมไทม์ ออน ฟ ซันเดย์",
      "ซัมทาม",
      "ซัมไทม์"
    ]
  },
  {
    "value": "Kinn\u0027s The Buta",
    "synonyms": [
      "Kinn\u0027s The Buta",
      "คินโน กังสดาล",
      "คินโนบุตะ",
      "คิน",
      "คินโน"
    ]
  },
  {
    "value": "Shabulogy",
    "synonyms": [
      "Shabulogy",
      "ชาบูโลจี้"
    ]
  },
  {
    "value": "โอชิเน",
    "synonyms": [
      "โอชิเน",
      "โอชิ",
      "โอชิเน่",
      "โอชิเน ขอนแก่น"
    ]
  },
  {
    "value": "ชิวเล้า",
    "synonyms": [
      "ชิวเล้า",
      "ชิวเล้า Suki Plaza KhonKaen",
      "ชิวเล้าขอนแก่น",
      "ชาบูชิวเล้า"
    ]
  },
  {
    "value": "โชคดีคาเฟ่",
    "synonyms": [
      "โชคดีคาเฟ่"
    ]
  },
  {
    "value": "เดอะนัว หมูกระทะ",
    "synonyms": [
      "เดอะนัว",
      "เดอะนัว หมูกระทะ",
      "เดอะนัว หมูกระทะ สาขามหาวิทยาลัยขอนแก่น",
      "เดอะนัวหมูกระทะ",
      "เดอะนัวหมูกระทะบุฟเฟต์ ของดีรสนัว",
      "เดอะนัวหมูกระทะบุฟเฟต์ ของดีรสนัว คุ้มเกินราคา",
      "หมูทะเดอะนัว",
      "เดอะนัวร์"
    ]
  },
  {
    "value": "ดูฟาร์ม คาเฟ่ (Dofarm Cafe)",
    "synonyms": [
      "ดูฟาร์ม คาเฟ่ (Dofarm Cafe)",
      "ดูฟาร์ม คาเฟ่",
      "ดูฟาร์มคาเฟ่",
      "ดูฟาร์ม",
      "Dofarm Cafe",
      "คาเฟ่ดูฟาร์ม"
    ]
  },
  {
    "value": "เดย์ มันธ เยียร์ คาเฟ่ (Dd/mm/yyyy cafe)",
    "synonyms": [
      "เดย์ มันธ เยียร์ คาเฟ่",
      "เดย์ มันธ เยียร์ คาเฟ่ (Dd/mm/yyyy cafe)",
      "Dd/mm/yyyy cafe",
      "เดย์ มันธ เยียร์",
      "เดย์มันธเยียร์ คาเฟ่",
      "เดย์มันธเยียร์",
      "Dd/mm/yyyy",
      "Ddmmyyyy"
    ]
  },
  {
    "value": "มาร์คอฟฟ์ คอฟฟี่",
    "synonyms": [
      "มาร์คอฟฟ์ คอฟฟี่",
      "MarKoff",
      "มาร์คอฟฟ์ คอฟฟี่ : ดิออริจิ้น (MarKoff : The Origin)",
      "MarKoff : The Origin",
      "มาร์คอฟฟ์ คอฟฟี่ : ดิออริจิ้น"
    ]
  },
  {
    "value": "เนสกาแฟ สตรีท คาเฟ่ ขอนแก่น",
    "synonyms": [
      "เนสกาแฟ สตรีท คาเฟ่ ขอนแก่น",
      "เนสกาแฟ สตรีท",
      "เนสกาแฟ สตรีท คาเฟ่",
      "เนสกาแฟสตรีท คาเฟ่",
      "Nescafe Street Cafe Khonkaen",
      "Nescafe Street Cafe",
      "เนสกาแฟสตรีท"
    ]
  },
  {
    "value": "Honshu cafe",
    "synonyms": [
      "Honshu cafe",
      "Honshucafe",
      "Honshu",
      "ฮอซูคาเฟ่",
      "ฮอนซู",
      "ฮอนซู คาเฟ่"
    ]
  },
  {
    "value": "กาแฟฉิมพลี (Chimplee Coffee)",
    "synonyms": [
      "กาแฟฉิมพลี",
      "Chimplee Coffee",
      "กาแฟฉิมพลี (Chimplee Coffee)",
      "ฉิมพลี",
      "ฉิมพลีคาเฟ่",
      "คาเฟ่ฉิมพลี"
    ]
  },
  {
    "value": "2499 Cafe",
    "synonyms": [
      "2499 Cafe",
      "สองสีเก้าเก้าคาเฟ่",
      "สองสี่เก้าคาเฟ่",
      "249 cafe",
      "2499",
      "2499 คาเฟ่",
      "2499คาเฟ่",
      "คาเฟ่2499"
    ]
  },
  {
    "value": "โบเก้คาเฟ่ (Bokeh Cafe)",
    "synonyms": [
      "โบเก้คาเฟ่ (Bokeh Cafe)",
      "โบเก้คาเฟ่",
      "Bokeh Cafe",
      "โบเก้ คาเฟ่",
      "BokehCafe",
      "โบเก้"
    ]
  },
  {
    "value": "Map Cafe",
    "synonyms": [
      "Map Cafe",
      "แมพคาเฟ่",
      "คาเฟ่แมพ",
      "MapCafe",
      "แมพ"
    ]
  },
  {
    "value": "โอริ คาเฟ่ (Ori Cafe)",
    "synonyms": [
      "โอริ คาเฟ่ (Ori Cafe)",
      "โอริ คาเฟ่",
      "โอริคาเฟ่",
      "Ori Cafe",
      "OriCafe",
      "โอริ",
      "Ori",
      "คาเฟ่โอริ"
    ]
  },
  {
    "value": "11 AM Cafe And Space",
    "synonyms": [
      "11 AM Cafe And Space",
      "11 AM Cafe",
      "11Am",
      "11 เอเอ็ม",
      "11 เอเอ็ม คาเฟ่ แอนด์ สเปซ ขอนแก่น",
      "11 เอเอ็ม คาเฟ่",
      "11เอเอ็ม"
    ]
  },
  {
    "value": "Doubleshot X Khonkaenง",
    "synonyms": [
      "Doubleshot X Khonkaenง",
      "Doubleshot Coffee",
      "ดับเบิ้ลชอทค๊อฟฟี่",
      "ดับเบิ้ลชอท",
      "ดับเบิ้ลชอทคาเฟ่",
      "ดับเบิ้ลชอท คาเฟ่"
    ]
  },
  {
    "value": "Lapin Pâtisserie",
    "synonyms": [
      "Lapin Pâtisserie",
      "Lapin Patisserie",
      "Lapin",
      "ลาแปง พาทิสเซอรี่",
      "ลาแปง",
      "พาทิสเซอรี่",
      "Pâtisserie",
      "คาเฟ่ลาแปง"
    ]
  },
  {
    "value": "Fellow Fellow Cafe",
    "synonyms": [
      "Fellow Fellow Cafe",
      "Fellow Cafe",
      "เฟลโล่คาเฟ่",
      "เฟลโล่ เฟลโล่คาเฟ่"
    ]
  },
  {
    "value": "Punpang",
    "synonyms": [
      "Punpang",
      "ปั้นแป้ง",
      "ปั้นแป้ง คาเฟ่",
      "คาเฟ่ปั้นแป้ง",
      "Punpang Cafe"
    ]
  },
  {
    "value": "Uncle Duck Cafe",
    "synonyms": [
      "Uncle Duck Cafe",
      "Uncle Duck",
      "อังเคิลดั๊กคาเฟ่",
      "Uncle Duck Cafe (อังเคิลดั๊กคาเฟ่)",
      "อังเคิลดั๊ก คาเฟ่",
      "อังเคิลดั๊ก"
    ]
  },
  {
    "value": "แจ่ม Cafe\u0026Eatery",
    "synonyms": [
      "แจ่ม Cafe\u0026Eatery",
      "แจ่ม",
      "คาเฟ่แจ่ม",
      "แจ่มคาเฟ่",
      "Cafe\u0026Eatery"
    ]
  },
  {
    "value": "Brew Planet",
    "synonyms": [
      "Brew Planet"
    ]
  },
  {
    "value": "The Garage Coffee TIME",
    "synonyms": [
      "The Garage Coffee TIME",
      "เดอะ การาจ คอฟฟี่ ไทม์",
      "เดอะ การาจ คอฟฟี่",
      "เดอะการาจคอฟฟี่ไทม์",
      "The Garage",
      "The Garage Coffee"
    ]
  },
  {
    "value": "Mood and Tone Cafe",
    "synonyms": [
      "Mood \u0026 Tone",
      "Mood and Tone Cafe",
      "มูดแอนโทน",
      "มูด",
      "มูทแอนโทนคาดฟ่",
      "Mood"
    ]
  },
  {
    "value": "Mali cakery",
    "synonyms": [
      "Mali cakery",
      "มะลิ เค้กเกอรี่",
      "Malicakery",
      "มะลิเค้กเกอรี่",
      "Mali",
      "มะลิ",
      "ร้านมะลิ",
      "เค้กมะลิ"
    ]
  },
  {
    "value": "Café de Paris",
    "synonyms": [
      "Café de Paris",
      "de Paris",
      "คาเฟ่เดอปารีส",
      "เดอปารีส",
      "คาเฟ่เดอปารีสขอนแก่น"
    ]
  },
  {
    "value": "Kyoto Shi Cafe",
    "synonyms": [
      "Kyoto Shi Cafe",
      "เกียวโตชิ คาเฟ่ ขอนแก่น",
      "เกียวโตชิ คาเฟ่ ขอนแก่น (Kyoto Shi Cafe)",
      "เกียวโตชิ",
      "เกียวโตชิ คาเฟ่",
      "Kyoto Shi"
    ]
  },
  {
    "value": "รีฟิล คอฟฟี่",
    "synonyms": [
      "รีฟิล คอฟฟี่",
      "Refill Coffee",
      "รีฟิล คอฟฟี่ ขอนแก่น",
      "รีฟิล",
      "รีฟิลคาเฟ่",
      "คาเฟ่รีฟิล",
      "รีฟิล คอฟฟี่ ขอนแก่น (Refill Coffee)"
    ]
  },
  {
    "value": "สนิม คอฟฟี่",
    "synonyms": [
      "สนิม คอฟฟี่",
      "สนิม คอฟฟี่ ขอนแก่น",
      "Snim Coffee",
      "Snim Coffee Khonkaen",
      "สนิม",
      "สนิมคาเฟ่",
      "คาเฟ่สนิม"
    ]
  },
  {
    "value": "แน้พส์คอฟฟี่",
    "synonyms": [
      "แน้พส์คอฟฟี่",
      "แน้พส์คอฟฟี่ ขอนแก่",
      "Nap’s Coffee x Khonkaen",
      "Nap’s Coffe",
      "แน้พส์",
      "Nap’s",
      "Nap"
    ]
  },
  {
    "value": "แก่นกราวด์ คาเฟ่ ขอนแก่น (Kaen Ground)",
    "synonyms": [
      "แก่นกราวด์ คาเฟ่ ขอนแก่น (Kaen Ground)",
      "แก่นกราวด์ คาเฟ่",
      "แก่นกราวด์ คาเฟ่ ขอนแก่น",
      "Kaen Ground",
      "แก่นกราวด์",
      "KaenGround"
    ]
  },
  {
    "value": "Almost Black Cafe",
    "synonyms": [
      "Almost Black Cafe",
      "ออลโมสท์",
      "ออลโมสท์ แบล็ค คาเฟ่",
      "ออลโมสท์ แบล็ค คาเฟ่ แอนด์ ซัพพลาย ขอนแก่น",
      "Almost Black",
      "ออลโมสท์ แบล็ค"
    ]
  },
  {
    "value": "New Heng Restuarant",
    "synonyms": [
      "นิวเฮงโภชนา",
      "นิวเฮง",
      "New Heng Restuarant",
      "นิวเฮง โภชนา",
      "New Heng",
      "NewHeng Restuarant"
    ]
  },
  {
    "value": "อัมพรแหนมเนือง",
    "synonyms": [
      "อัมพรแหนมเนือง",
      "Ampornnamnueang",
      "อัมพร"
    ]
  },
  {
    "value": "เดอะมู๋ไม่เพรา",
    "synonyms": [
      "เดอะมู๋ไม่เพรา",
      "มู๋ไม่เพรา"
    ]
  },
  {
    "value": "Wanida Rosewises Khonkaen",
    "synonyms": [
      "ไก่ย่างวนิดารสวิเศษ",
      "Wanida Rosewises Khonkaen",
      "ไก่ย่างวนิดารสวิเศษ ขอนแก่น",
      "วนิดารสวิเศษ"
    ]
  },
  {
    "value": "ก๋วยเตี๋ยวต้นฝน",
    "synonyms": [
      "Tonfon Noodle",
      "ก๋วยเตี๋ยวต้นฝน ต้มยำโบราณ",
      "ก๋วยเตี๋ยวต้นฝน",
      "ก๋วยเตี๋ยวต้นฝน ต้มยำโบราณ (Tonfon Noodle)"
    ]
  },
  {
    "value": "โสเจ๊งโภชนา",
    "synonyms": [
      "โสเจ๊งโภชนา",
      "โสเจ๊งโภชนา (บ้านไผ่)",
      "โสเจ๊ง"
    ]
  },
  {
    "value": "Share Bistro \u0026 Bar",
    "synonyms": [
      "Share Bistro \u0026 Bar",
      "ร้านแชร์ - Share the good vibes",
      "แชร์ บิสโตร แอนด์ บาร์",
      "แชร์ บิสโตร",
      "Share Bistro"
    ]
  },
  {
    "value": "Seasons 27",
    "synonyms": [
      "Seasons27",
      "Seasons 27 @Ad Lib Hotel",
      "Seasons 27 Khon Kaen"
    ]
  },
  {
    "value": "เดอะ ซิมเปิล คาเฟ่",
    "synonyms": [
      "The simple",
      "The Simple Cafe and Bakery",
      "เดอะ ซิมเปิล คาเฟ่",
      "เดอะ ซิมเปิล คาเฟ่ แอนด์ เบเกอร์รี่ ขอนแก่น",
      "เดอะ ซิมเปิล",
      "The Simple Cafe"
    ]
  },
  {
    "value": "KK Falabella Horse",
    "synonyms": [
      "KK Falabella Horse",
      "KK Falabella",
      "Falabella Horse"
    ]
  },
  {
    "value": "ถึง ขอนแก่น E San Thai Bistro",
    "synonyms": [
      "ถึง ขอน-แก่น E San Thai Bistro",
      "E San Thai Bistro",
      "ถึง ขอน-แก่น"
    ]
  },
  {
    "value": "House of Moods",
    "synonyms": [
      "House of Moods",
      "House of Moods \u0026 Good Everyday"
    ]
  },
  {
    "value": "ตั้งแต่เด็ก การ์เด้น",
    "synonyms": [
      "ตั้งแต่เด็ก การ์เด้น",
      "Tangtaedek Garden"
    ]
  },
  {
    "value": "ส้มตำมะกอกแซ่บ \u0026 ไก่หมุนละมุนลิ้น",
    "synonyms": [
      "ส้มตำมะกอกแซ่บ \u0026 ไก่หมุนละมุนลิ้น",
      "ส้มตำมะกอกแซ่บ",
      "ไก่หมุนละมุนลิ้น"
    ]
  },
  {
    "value": "ฮาลองเบย์ ขอนแก่น",
    "synonyms": [
      "ฮาลองเบย์ ขอนแก่น",
      "ฮาลองเบย์",
      "Halong Bay",
      "ฮาลองเบย์ Halong Bay"
    ]
  },
  {
    "value": "อ.กุ้งเผา ขอนแก่น",
    "synonyms": [
      "อ.กุ้งเผา ขอนแก่น",
      "อ.กุ้งเผา",
      "อกุ้งเผา"
    ]
  },
  {
    "value": "ทอมมี่ หมูเกาหลี",
    "synonyms": [
      "ทอมมี่ หมูเกาหลี",
      "ทอมมี่",
      "หมูกระทะทอมมี่",
      "ทอมมี่หมูทะ",
      "ทอมมี่หมูกระทะ"
    ]
  },
  {
    "value": "มิ่งหมูกะทะ มข.",
    "synonyms": [
      "มิ่งหมูกะทะ",
      "มิ่งหมูกะทะ มข.",
      "มิ่ง",
      "หมูกระทะมิ่ง",
      "มิ่งหมูทะ"
    ]
  },
  {
    "value": "โอปอ บุฟเฟ่ต์",
    "synonyms": [
      "โอปอ บุฟเฟ่ต์",
      "โอมายก้อน by โอปอ",
      "โอปอ",
      "โอมายก้อน"
    ]
  },
  {
    "value": "คิมหมูกระทะ",
    "synonyms": [
      "คิมหมูกระทะ",
      "หมุกระทะคิม",
      "คิม",
      "คิมหมูกระทะ กังสดาล"
    ]
  },
  {
    "value": "เจนหมูกระทะ",
    "synonyms": [
      "เจนหมูกระทะ",
      "เจน",
      "หมูทะเจน",
      "เจนหมูทะ",
      "หมูกระทะเจน"
    ]
  },
  {
    "value": "โต้งเต้ยเนื้อย่างเกาหลี",
    "synonyms": [
      "โต้งเต้ยเนื้อย่างเกาหลี",
      "โต้งเต้ยเนื้อย่างเกาหลี ตลาดจอมพล",
      "โต้งเต้ย",
      "โต้งเต้ยหมูกระทะ"
    ]
  },
  {
    "value": "เฮียเปียว หมูเกาหลี",
    "synonyms": [
      "เฮียเปียว",
      "เฮียเปียว หมูเกาหลี\"",
      "เฮียเปียว หมูกระทะ",
      "หมุกระทะเฮียเปียว",
      "เฮียเปียว หมูเกาหลี"
    ]
  },
  {
    "value": "บุญดี หมูกระทะ",
    "synonyms": [
      "บุญดี หมูกระทะ",
      "บุญดี"
    ]
  },
  {
    "value": "S Bar BQ เอสบาร์บีคิว",
    "synonyms": [
      "S Bar BQ เอสบาร์บีคิว",
      "เอสบาร์บีคิว",
      "S Bar BQ"
    ]
  },
  {
    "value": "เล็กหมูกระทะ (โคลัมโบ)",
    "synonyms": [
      "เล็กหมูกระทะ",
      "เล้ก",
      "เล็ก",
      "เล็กหมูกระทะ (โคลัมโบ)"
    ]
  },
  {
    "value": "PB หมูกระทะ",
    "synonyms": [
      "PB หมูกระทะ",
      "PB"
    ]
  },
  {
    "value": "หน้าไหม้ โคขุนกระทะร้อน",
    "synonyms": [
      "หน้าไหม้ โคขุนกระทะร้อน",
      "หน้าไหม้"
    ]
  },
  {
    "value": "เพ้งเนื้อย่างเกาหลี",
    "synonyms": [
      "เพ้งเนื้อย่างเกาหลี",
      "เพ้ง",
      "เพ้งหมูกระทะ",
      "เพ้งหมูทะ"
    ]
  },
  {
    "value": "สำรวยการกิน หมูกระทะ",
    "synonyms": [
      "สำรวยการกิน หมูกระทะ",
      "สำรวยการกิน"
    ]
  },
  {
    "value": "ฟ้าสางหมูกระทะ",
    "synonyms": [
      "ฟ้าสางหมูกระทะ",
      "ฟ้าสาง"
    ]
  },
  {
    "value": "ไซโกะ ทะเลเผา",
    "synonyms": [
      "ไซโกะ ทะเลเผา",
      "ไซโกะ"
    ]
  },
  {
    "value": "วัดเขื่อนอุบลรัตน์ ถ้ำผาเจาะ",
    "synonyms": [
      "วัดเขื่อนอุบลรัตน์",
      "วัดเขื่อนอุบลรัตน์ ถ้ำผาเจาะ",
      "ถ้ำผาเจาะ"
    ]
  }
]