[
  {
    "value": "แผนที่",
    "synonyms": [
      "แผนที่",
      "พิกัด",
      "ที่อยู่",
      "เส้นทาง",
      "ระยะทาง",
      "ทิศทาง",
      "ตำแหน่ง",
      "โลเคชัน",
      "พิกัดจีพีเอส",
      "หมุด",
      "เส้นทางการเดินทาง"
    ]
  },
  {
    "value": "วิธีเดินทาง",
    "synonyms": [
      "วิธีเดินทาง",
      "เดินทางไป",
      "ไปยังไง",
      "ไปแบบไหน",
      "อยู่ไหน",
      "อยู่ที่ไหน",
      "ทางไหน"
    ]
  },
  {
    "value": "ระยะทาง",
    "synonyms": [
      "ระยะทาง",
      "ความห่างไกล",
      "ระยะเวลาการเดินทาง",
      "ไกล",
      "ใกล้",
      "อยู่ไหน",
      "ที่ไหน",
      "อยู่ตรงไหน",
      "ไปยังไง",
      "ระยะทางเท่าไหร่",
      "ใช้เวลานานเท่าไหร่",
      "ใช้เวลานานมั้ย"
    ]
  }
]