[
  {
    "value": "มกราคม",
    "synonyms": [
      "มกราคม",
      "เดือนมกราคม",
      "มกรา",
      "มค",
      "ม.ค",
      "ม.ค.",
      "มค.",
      "มกราฯ",
      "January",
      "JAN"
    ]
  },
  {
    "value": "กุมภาพันธ์",
    "synonyms": [
      "กุมภาพันธ์",
      "เดือนกุมภาพันธ์",
      "กุมภา",
      "กพ.",
      "ก.พ.",
      "ก.พ",
      "กุมภาฯ",
      "February",
      "FEB",
      "กุมพา"
    ]
  },
  {
    "value": "มีนาคม",
    "synonyms": [
      "มีนาคม",
      "เดือนมีนาคม",
      "มีนา",
      "มี.ค",
      "มี.ค.",
      "มีค",
      "มีนาฯ",
      "March",
      "MAR"
    ]
  },
  {
    "value": "เมษายน",
    "synonyms": [
      "เมษายน",
      "เดือนเมษายน",
      "เมษา",
      "เดือนเมษา",
      "เม.ย",
      "เม.ย.",
      "เมษาฯ",
      "April",
      "APR"
    ]
  },
  {
    "value": "พฤษภาคม",
    "synonyms": [
      "พฤษภาคม",
      "เดือนพฤษภาคม",
      "พค",
      "พ.ค",
      "เดือนพฤษภา",
      "พฤษภาฯ",
      "May",
      "MAY"
    ]
  },
  {
    "value": "มิถุนายน",
    "synonyms": [
      "มิถุนายน",
      "มิ.ย.",
      "เดือนมิถุนายน",
      "เดือนมิ.ย",
      "มิย",
      "June",
      "JUN"
    ]
  },
  {
    "value": "กรกฎาคม",
    "synonyms": [
      "กรกฎาคม",
      "เดือนกรกฎาคม",
      "กค",
      "ก.ค",
      "ก.ค.",
      "เดือนกรกฎา",
      "July",
      "JUL"
    ]
  },
  {
    "value": "สิงหาคม",
    "synonyms": [
      "สิงหาคม",
      "เดือนสิงหาคม",
      "สิงหา",
      "เดือนสิงหา",
      "สิงหาฯ",
      "สค.",
      "ส.ค",
      "August",
      "AUG"
    ]
  },
  {
    "value": "กันยายน",
    "synonyms": [
      "กันยายน",
      "เดือนกันยายน",
      "เดือนกันยา",
      "กันยา",
      "ก.ย",
      "ก.ย.",
      "กย",
      "September",
      "SEP"
    ]
  },
  {
    "value": "ตุลาคม",
    "synonyms": [
      "ตุลาคม",
      "เดือนตุลาคม",
      "เดือนตุลา",
      "ต.ค.",
      "ตุลาฯ",
      "October",
      "OCT"
    ]
  },
  {
    "value": "พฤศจิกายน",
    "synonyms": [
      "พฤศจิกายน",
      "พ.ย.",
      "เดือนพฤศจิกายน",
      "พย.",
      "พ.ย",
      "พฤศฯ",
      "พฤศจิกา",
      "พฤศจิ",
      "November",
      "NOV"
    ]
  },
  {
    "value": "ธันวาคม",
    "synonyms": [
      "ธันวาคม",
      "ธ.ค.",
      "เดือนธันวาคม",
      "ธันวา",
      "ธันวาฯ",
      "ธค",
      "ธ.ค",
      "December",
      "DEC"
    ]
  }
]