[
  {
    "value": "เวลา",
    "synonyms": [
      "เวลา",
      "เวลาไหน",
      "กี่โมง",
      "เมื่อไหร่",
      "ตอนไหน",
      "ช่วงไหน"
    ]
  },
  {
    "value": "เปิด",
    "synonyms": [
      "เปิด",
      "เปิดยัง",
      "เริ่ม",
      "ทำการ",
      "เวลาทำการ",
      "เวลาเปิดทำการ",
      "เวลาปิด",
      "เวลาเปิด",
      "เวลาปิดทำการ",
      "ปิดตอนไหน",
      "ปิด"
    ]
  },
  {
    "value": "ปิด",
    "synonyms": [
      "ปิด",
      "ปิดยัง",
      "สิ้นสุด",
      "หมด",
      "เลิก"
    ]
  }
]