[
  {
    "value": "อาหารอีสาน",
    "synonyms": [
      "อีสาน",
      "อาหารอีสาน",
      "อาหารลาว",
      "อาหารภาคอีสาน"
    ]
  },
  {
    "value": "อาหารไทย",
    "synonyms": [
      "อาหารไทย",
      "กับข้าวไทย",
      "อาหารไทยแท้",
      "อาหารไทยๆ"
    ]
  },
  {
    "value": "อาหารอินเตอร์",
    "synonyms": [
      "อาหารอินเตอร์",
      "อาหารจีน",
      "อาหารญี่ปุ่น",
      "อาหารต่างชาติ",
      "อาหารอิตาเลี่ยน",
      "อาหารอังกฤษ"
    ]
  },
  {
    "value": "อาหารทั่วไป",
    "synonyms": [
      "อาหารทั่วไป",
      "อาหารข้างทาง",
      "อาหารสตรีทฟู้ด",
      "อาหารพวกเส้น",
      "ก๋วยเตี๋ยว"
    ]
  }
]