[
  {
    "value": "ภูเขา",
    "synonyms": [
      "ภูเขา",
      "เขา",
      "ป่า",
      "เที่ยวป่า",
      "เที่ยวภูเขา",
      "ไปเขา",
      "ไปเดินเขา",
      "เที่ยวธรรมชาติ",
      "ดูธรรมชาติ",
      "ธรรมชาติ"
    ]
  },
  {
    "value": "สวนสัตว์",
    "synonyms": [
      "สวนสัตว์",
      "สัตว์",
      "ดูสัตว์",
      "ไปสวนสัตว์"
    ]
  },
  {
    "value": "อุทยานแห่งชาติ",
    "synonyms": [
      "อุทยานแห่งชาติ",
      "อุทยาน",
      "ไปอุทยาน"
    ]
  },
  {
    "value": "วัด",
    "synonyms": [
      "วัด",
      "ไปวัด",
      "ไหว้พระ",
      "ทำบุญ"
    ]
  },
  {
    "value": "พิพิธภัณฑ์",
    "synonyms": [
      "พิพิธภัณฑ์",
      "ไปพิพิธภัณฑ์"
    ]
  },
  {
    "value": "สวนน้ำ",
    "synonyms": [
      "สวนน้ำ",
      "เล่นน้ำ",
      "เที่ยวน้ำ",
      "ล่องแพ",
      "ว่ายน้ำ"
    ]
  },
  {
    "value": "สวนสาธารณะ",
    "synonyms": [
      "สวนสาธารณะ",
      "ไปเดินเล่น",
      "เดินเล่น",
      "park",
      "ไปสวนสาธารณะ",
      "วิ่งออกกำลังกาย"
    ]
  },
  {
    "value": "ช็อปปิ้ง",
    "synonyms": [
      "ช็อปปิ้ง",
      "ช็อป",
      "ซื้อของ",
      "ห้าง",
      "ห้างสรรพสินค้า",
      "ไปห้าง"
    ]
  }
]