[
  {
    "id": "6cf0c44e-f180-4fe3-b1b1-3be42d7caa64",
    "data": [
      {
        "text": "สวัสดี",
        "userDefined": false
      }
    ],
    "isTemplate": false,
    "count": 0,
    "lang": "th",
    "updated": 0
  },
  {
    "id": "0514e359-c4e8-4d72-946b-6a2f98fecdc5",
    "data": [
      {
        "text": "หวัดดีจ้ะ",
        "userDefined": false
      }
    ],
    "isTemplate": false,
    "count": 0,
    "lang": "th",
    "updated": 0
  },
  {
    "id": "e57bd273-96e2-4710-b412-e2102c40d396",
    "data": [
      {
        "text": "สวัสดีน้า",
        "userDefined": false
      }
    ],
    "isTemplate": false,
    "count": 0,
    "lang": "th",
    "updated": 0
  },
  {
    "id": "8c536097-ac68-4cf8-ab45-f7ed25529e30",
    "data": [
      {
        "text": "ว่าไง",
        "userDefined": false
      }
    ],
    "isTemplate": false,
    "count": 0,
    "lang": "th",
    "updated": 0
  },
  {
    "id": "cdea01b2-f99d-4d47-87de-2787aa23beb7",
    "data": [
      {
        "text": "สวีดัส",
        "userDefined": false
      }
    ],
    "isTemplate": false,
    "count": 0,
    "lang": "th",
    "updated": 0
  },
  {
    "id": "e24a6fba-1c2b-40c2-9762-3a3a82375497",
    "data": [
      {
        "text": "สวัสดีจ้ะ",
        "userDefined": false
      }
    ],
    "isTemplate": false,
    "count": 0,
    "lang": "th",
    "updated": 0
  },
  {
    "id": "fa50778c-1775-48c3-8ee6-8db2862da84c",
    "data": [
      {
        "text": "หวัดดีจ้า",
        "userDefined": false
      }
    ],
    "isTemplate": false,
    "count": 0,
    "lang": "th",
    "updated": 0
  },
  {
    "id": "5fa6f94f-c915-40d9-b749-d0a6a1153b70",
    "data": [
      {
        "text": "ไม่เจอกันตั้งนาน",
        "userDefined": false
      }
    ],
    "isTemplate": false,
    "count": 0,
    "lang": "th",
    "updated": 0
  },
  {
    "id": "a4cbad37-fd50-4520-a0ad-90429e388cd4",
    "data": [
      {
        "text": "ขอทักทาย",
        "userDefined": false
      }
    ],
    "isTemplate": false,
    "count": 0,
    "lang": "th",
    "updated": 0
  },
  {
    "id": "371d9324-2394-4a92-8c97-a85fd443229f",
    "data": [
      {
        "text": "หวัดดี",
        "userDefined": false
      }
    ],
    "isTemplate": false,
    "count": 0,
    "lang": "th",
    "updated": 0
  }
]