[
  {
    "id": "19fe2d73-a55b-4cb4-97b6-ea60acbc78ec",
    "data": [
      {
        "text": "อาหาร",
        "userDefined": false
      },
      {
        "text": "ข้างทาง",
        "meta": "@type_food",
        "alias": "type_food",
        "userDefined": true
      }
    ],
    "isTemplate": false,
    "count": 0,
    "lang": "th",
    "updated": 0
  },
  {
    "id": "8defe52e-af2f-46a9-88c2-d058710f72ad",
    "data": [
      {
        "text": "อาหารสตรีทฟู้ด",
        "meta": "@type_food",
        "alias": "type_food",
        "userDefined": true
      }
    ],
    "isTemplate": false,
    "count": 0,
    "lang": "th",
    "updated": 0
  },
  {
    "id": "5c8b40e8-bd0c-4e1b-9c22-accb6df37bf4",
    "data": [
      {
        "text": "อาหารประเภทเส้น",
        "meta": "@type_food",
        "alias": "type_food",
        "userDefined": true
      }
    ],
    "isTemplate": false,
    "count": 0,
    "lang": "th",
    "updated": 0
  }
]