[
  {
    "id": "cdd19cbe-6606-4f5e-8c0e-37045287907c",
    "data": [
      {
        "text": "อาหารไทย",
        "meta": "@type_food",
        "alias": "type_food",
        "userDefined": true
      }
    ],
    "isTemplate": false,
    "count": 0,
    "lang": "th",
    "updated": 0
  },
  {
    "id": "00f03327-fa66-4b15-ac94-ee25fe849bc5",
    "data": [
      {
        "text": "ประเภทอาหารไทย",
        "meta": "@type_food",
        "alias": "type_food",
        "userDefined": true
      }
    ],
    "isTemplate": false,
    "count": 0,
    "lang": "th",
    "updated": 0
  }
]