[
  {
    "id": "15863315-f370-41c7-8950-aff80f85cf39",
    "data": [
      {
        "text": "อีสาน",
        "meta": "@type_food",
        "alias": "type_food",
        "userDefined": false
      }
    ],
    "isTemplate": false,
    "count": 0,
    "lang": "th",
    "updated": 0
  },
  {
    "id": "b59d2f87-3c7e-45c8-9b80-2c2bb59994b7",
    "data": [
      {
        "text": "ประเภทอาหารอีสาน",
        "meta": "@type_food",
        "alias": "type_food",
        "userDefined": true
      }
    ],
    "isTemplate": false,
    "count": 0,
    "lang": "th",
    "updated": 0
  },
  {
    "id": "cf5a18cb-5b3d-4cda-b742-7ae13291061a",
    "data": [
      {
        "text": "อาหารอีสาน",
        "meta": "@type_food",
        "alias": "type_food",
        "userDefined": true
      }
    ],
    "isTemplate": false,
    "count": 0,
    "lang": "th",
    "updated": 0
  }
]