[
  {
    "id": "7d3c9d1b-be2e-45cc-95a4-f8ecd0dae6cd",
    "data": [
      {
        "text": "อาหารญี่ปุ่น",
        "meta": "@type_food",
        "alias": "type_food",
        "userDefined": true
      }
    ],
    "isTemplate": false,
    "count": 0,
    "lang": "th",
    "updated": 0
  },
  {
    "id": "06678188-079c-4725-8df9-17e5347416b0",
    "data": [
      {
        "text": "อาหารอิตาเลี่ยน",
        "meta": "@type_food",
        "alias": "type_food",
        "userDefined": true
      }
    ],
    "isTemplate": false,
    "count": 0,
    "lang": "th",
    "updated": 0
  },
  {
    "id": "7d33db1e-a4f4-4366-9667-08f39421b9c5",
    "data": [
      {
        "text": "อาหารจีน",
        "meta": "@type_food",
        "alias": "type_food",
        "userDefined": true
      }
    ],
    "isTemplate": false,
    "count": 0,
    "lang": "th",
    "updated": 0
  }
]