[
  {
    "id": "66c0f952-b077-4389-906b-9c2287c314d5",
    "data": [
      {
        "text": "กิจกรรม",
        "userDefined": false
      },
      {
        "text": "เดือนกุมภาพันธ์",
        "meta": "@month",
        "alias": "month",
        "userDefined": true
      }
    ],
    "isTemplate": false,
    "count": 0,
    "lang": "th",
    "updated": 0
  },
  {
    "id": "7878e996-2821-4a4d-b03d-24c2dfe0b6f6",
    "data": [
      {
        "text": "อีเว้น",
        "userDefined": false
      },
      {
        "text": "เดือนมีนาคม",
        "meta": "@month",
        "alias": "month",
        "userDefined": true
      }
    ],
    "isTemplate": false,
    "count": 0,
    "lang": "th",
    "updated": 0
  },
  {
    "id": "658fe2d6-4a9b-4a56-ae15-fd148be2ad58",
    "data": [
      {
        "text": "อีเว้น",
        "userDefined": false
      },
      {
        "text": "เดือนเมษายน",
        "meta": "@month",
        "alias": "month",
        "userDefined": true
      }
    ],
    "isTemplate": false,
    "count": 0,
    "lang": "th",
    "updated": 0
  },
  {
    "id": "b77868a2-05e0-4cbc-8f96-d9638e1b1548",
    "data": [
      {
        "text": "อีเว้นเดือนมกราคม",
        "userDefined": false
      }
    ],
    "isTemplate": false,
    "count": 1,
    "lang": "th",
    "updated": 0
  },
  {
    "id": "1e6d23b5-455b-495d-af94-ec044d369d0b",
    "data": [
      {
        "text": "อีเว้นอะไรบ้าง",
        "userDefined": false
      }
    ],
    "isTemplate": false,
    "count": 0,
    "lang": "th",
    "updated": 0
  },
  {
    "id": "e1de1adf-4f53-4a76-acdd-a932d3af6015",
    "data": [
      {
        "text": "มีตลาดที่ไหนบ้าง",
        "userDefined": false
      }
    ],
    "isTemplate": false,
    "count": 0,
    "lang": "th",
    "updated": 0
  },
  {
    "id": "1957a323-8397-4bf3-815b-d6dee86f97d0",
    "data": [
      {
        "text": "งานเดือนนี้จัดที่เดิมเหมือนเดือนที่แล้วหรือเปล่า",
        "userDefined": false
      }
    ],
    "isTemplate": false,
    "count": 0,
    "lang": "th",
    "updated": 0
  },
  {
    "id": "4d2a4a6f-a1e1-4ff6-a303-6a9c493efb1e",
    "data": [
      {
        "text": "อีเว้นต์เดือนนี้มีการแสดงโชว์อะไรบ้าง",
        "userDefined": false
      }
    ],
    "isTemplate": false,
    "count": 0,
    "lang": "th",
    "updated": 0
  },
  {
    "id": "f5c5bf48-ffd9-42bd-84ed-c8af25cbbc1e",
    "data": [
      {
        "text": "งานเดือนนี้เหมาะกับคนชอบถ่ายรูปหรือเปล่า",
        "userDefined": false
      }
    ],
    "isTemplate": false,
    "count": 0,
    "lang": "th",
    "updated": 0
  },
  {
    "id": "331c473a-6ce5-4f08-83f1-17fdf93a9e02",
    "data": [
      {
        "text": "งานเดือนนี้มีร้านอาหารหรือของกินขายไหม",
        "userDefined": false
      }
    ],
    "isTemplate": false,
    "count": 0,
    "lang": "th",
    "updated": 0
  },
  {
    "id": "978b01ff-6798-4d5d-a309-d2969279b59e",
    "data": [
      {
        "text": "เดือนนี้มีอีเว้นต์กลางแจ้งหรือในร่มเยอะกว่ากัน",
        "userDefined": false
      }
    ],
    "isTemplate": false,
    "count": 0,
    "lang": "th",
    "updated": 0
  },
  {
    "id": "cba7e390-bac2-42ef-8b77-a74f52583cdc",
    "data": [
      {
        "text": "กิจกรรมน่าสนใจ",
        "userDefined": false
      }
    ],
    "isTemplate": false,
    "count": 0,
    "lang": "th",
    "updated": 0
  },
  {
    "id": "ee318b29-066e-4d14-8535-9e62d6f5eab9",
    "data": [
      {
        "text": "ขอนแก่นมีกิจกรรมไรน่าไป",
        "userDefined": false
      }
    ],
    "isTemplate": false,
    "count": 0,
    "lang": "th",
    "updated": 0
  },
  {
    "id": "f926de7a-3a33-4eba-8c7b-9b4ba77dd7bd",
    "data": [
      {
        "text": "ปฎิทินประจำเดือนนี้",
        "userDefined": false
      }
    ],
    "isTemplate": false,
    "count": 1,
    "lang": "th",
    "updated": 0
  },
  {
    "id": "771ede5e-7115-42f1-b1fb-06826531d6d5",
    "data": [
      {
        "text": "งานเดือนนี้เหมาะกับเด็ก ๆ ไหม",
        "userDefined": false
      }
    ],
    "isTemplate": false,
    "count": 0,
    "lang": "th",
    "updated": 0
  },
  {
    "id": "b10ab11c-1dd5-46d1-94dc-b85742799fa2",
    "data": [
      {
        "text": "อีเว้นต์เดือนนี้จัดในห้างหรือข้างนอก",
        "userDefined": false
      }
    ],
    "isTemplate": false,
    "count": 0,
    "lang": "th",
    "updated": 0
  },
  {
    "id": "84fa049d-80c0-4af4-8a64-5e201178072a",
    "data": [
      {
        "text": "อีเว้นที่จังหวัดขอนแก่น",
        "userDefined": false
      }
    ],
    "isTemplate": false,
    "count": 0,
    "lang": "th",
    "updated": 0
  },
  {
    "id": "18551354-03e4-4ce3-92dd-a5191fcd7111",
    "data": [
      {
        "text": "ขอนแก่นมีอีเว้นอะไร",
        "userDefined": false
      }
    ],
    "isTemplate": false,
    "count": 0,
    "lang": "th",
    "updated": 0
  },
  {
    "id": "509c697f-36b3-4845-8fc7-f5e22c6876de",
    "data": [
      {
        "text": "เดือนนี้มีกิจกรรมไรบ้าง",
        "userDefined": false
      }
    ],
    "isTemplate": false,
    "count": 0,
    "lang": "th",
    "updated": 0
  },
  {
    "id": "c1016294-d902-4c2a-b545-fcf47d05e4f9",
    "data": [
      {
        "text": "กิจกรรมเดือนนี้",
        "userDefined": false
      }
    ],
    "isTemplate": false,
    "count": 0,
    "lang": "th",
    "updated": 0
  },
  {
    "id": "97ceb359-4031-4649-ad4b-8c5fe57e984e",
    "data": [
      {
        "text": "เดือนนี้มีงานไรบ้าง",
        "userDefined": false
      }
    ],
    "isTemplate": false,
    "count": 0,
    "lang": "th",
    "updated": 0
  },
  {
    "id": "458d2574-b05a-4bc1-b0d2-6ee1e2ff5aa1",
    "data": [
      {
        "text": "งานประจำจังหวัด",
        "userDefined": false
      }
    ],
    "isTemplate": false,
    "count": 0,
    "lang": "th",
    "updated": 0
  },
  {
    "id": "a7b42287-f7e1-46f3-8d3c-ff68b9304e9c",
    "data": [
      {
        "text": "งานวัฒนธรรมขอนแก่นปีนี้มีอะไรบ้าง",
        "userDefined": false
      }
    ],
    "isTemplate": false,
    "count": 0,
    "lang": "th",
    "updated": 0
  },
  {
    "id": "8f1bda1d-fe25-41a7-ac41-3ae4403da236",
    "data": [
      {
        "text": "ขอนแก่นมีงานเทศกาลอะไรในเดือนนี้",
        "userDefined": false
      }
    ],
    "isTemplate": false,
    "count": 1,
    "lang": "th",
    "updated": 0
  },
  {
    "id": "7fbe0401-ceba-4a97-be68-7ea1f0588a7a",
    "data": [
      {
        "text": "เทศกาลขอนแก่น",
        "userDefined": false
      }
    ],
    "isTemplate": false,
    "count": 0,
    "lang": "th",
    "updated": 0
  },
  {
    "id": "0a46402f-918c-4ff1-8b12-8907163acd52",
    "data": [
      {
        "text": "ช่วงนี้มีเทศกาลอะไร",
        "userDefined": false
      }
    ],
    "isTemplate": false,
    "count": 1,
    "lang": "th",
    "updated": 0
  },
  {
    "id": "da89aeeb-2088-48c0-bcbd-eaf69154ced2",
    "data": [
      {
        "text": "ปฏิทินอีเว้นต์เดือนนี้อัพเดตหรือยัง",
        "userDefined": false
      }
    ],
    "isTemplate": false,
    "count": 0,
    "lang": "th",
    "updated": 0
  },
  {
    "id": "560bc5ca-9a19-4e1c-a962-2bcbd42b7144",
    "data": [
      {
        "text": "งานประจำเดือนนี้เริ่มกี่โมง",
        "userDefined": false
      }
    ],
    "isTemplate": false,
    "count": 0,
    "lang": "th",
    "updated": 0
  },
  {
    "id": "f354221c-7662-4909-aeea-74e27edfcc32",
    "data": [
      {
        "text": "คอนเสิร์ตเดือนนี้มีศิลปินคนไหนมาแสดงบ้าง",
        "userDefined": false
      }
    ],
    "isTemplate": false,
    "count": 0,
    "lang": "th",
    "updated": 0
  },
  {
    "id": "86933f7b-9e72-4888-8274-a696f10fb8a4",
    "data": [
      {
        "text": "งานประจำเดือนนี้มีกี่วัน",
        "userDefined": false
      }
    ],
    "isTemplate": false,
    "count": 0,
    "lang": "th",
    "updated": 0
  },
  {
    "id": "1f25115f-154c-4a10-aa4c-e99c8592e477",
    "data": [
      {
        "text": "อีเว้นต์เดือนนี้จัดที่ไหนบ้าง",
        "userDefined": false
      }
    ],
    "isTemplate": false,
    "count": 0,
    "lang": "th",
    "updated": 0
  },
  {
    "id": "079f0f6c-7401-4a53-9fa9-a98bbbef82f2",
    "data": [
      {
        "text": "งานประจำเดือนนี้เริ่มจัดวันไหน",
        "userDefined": false
      }
    ],
    "isTemplate": false,
    "count": 0,
    "lang": "th",
    "updated": 0
  },
  {
    "id": "6bf0a671-1886-4702-bac8-4076d3f561af",
    "data": [
      {
        "text": "เดือนนี้มีคอนเสิร์ตใหญ่ ๆ ที่ไหนบ้าง",
        "userDefined": false
      }
    ],
    "isTemplate": false,
    "count": 0,
    "lang": "th",
    "updated": 0
  },
  {
    "id": "272c9565-0747-4b26-a4bb-a7115cd2cb2f",
    "data": [
      {
        "text": "ปฏิทินงานเดือนนี้มีอะไรจัดบ้าง",
        "userDefined": false
      }
    ],
    "isTemplate": false,
    "count": 0,
    "lang": "th",
    "updated": 0
  },
  {
    "id": "516057af-ff4b-4df0-8b93-313bad5b41ab",
    "data": [
      {
        "text": "เดือนนี้มีอีเว้นต์อะไรน่าสนใจบ้าง",
        "userDefined": false
      }
    ],
    "isTemplate": false,
    "count": 0,
    "lang": "th",
    "updated": 0
  },
  {
    "id": "0821ccc9-af0e-477a-8e05-c1ae9a150901",
    "data": [
      {
        "text": "มีคอนเสิร์ตมั้ย",
        "userDefined": false
      }
    ],
    "isTemplate": false,
    "count": 0,
    "lang": "th",
    "updated": 0
  },
  {
    "id": "e6d80cfd-f21a-405c-ad39-5523483f4521",
    "data": [
      {
        "text": "ขอนแก่นมีกิจกรรมอะไร",
        "userDefined": false
      }
    ],
    "isTemplate": false,
    "count": 1,
    "lang": "th",
    "updated": 0
  },
  {
    "id": "65615594-a375-4e10-9ccd-69eb6b960c90",
    "data": [
      {
        "text": "ปฎิทินประจำเดือน",
        "userDefined": false
      }
    ],
    "isTemplate": false,
    "count": 0,
    "lang": "th",
    "updated": 0
  },
  {
    "id": "bb6f9923-8cac-43a4-ae1e-e12e86604785",
    "data": [
      {
        "text": "มีกิจกรรมอะไรในเดือนนี้บ้าง",
        "userDefined": false
      }
    ],
    "isTemplate": false,
    "count": 0,
    "lang": "th",
    "updated": 0
  },
  {
    "id": "bb28bdc6-8085-4725-8269-f2ea3cdcb135",
    "data": [
      {
        "text": "ปฏิทินกิจกรรมประจำเดือนมีอะไรบ้าง",
        "userDefined": false
      }
    ],
    "isTemplate": false,
    "count": 0,
    "lang": "th",
    "updated": 0
  },
  {
    "id": "59135fe6-6caf-4863-82a5-b357ed7d9e05",
    "data": [
      {
        "text": "เดือนนี้มีงานอีเว้นท์อะไร",
        "userDefined": false
      }
    ],
    "isTemplate": false,
    "count": 0,
    "lang": "th",
    "updated": 0
  },
  {
    "id": "81221886-edea-4231-aa22-ef09bef130f1",
    "data": [
      {
        "text": "ช่วยบอกตารางงานประจำเดือนนี้หน่อย",
        "userDefined": false
      }
    ],
    "isTemplate": false,
    "count": 0,
    "lang": "th",
    "updated": 0
  },
  {
    "id": "e0c8ae9a-b4e4-49a1-8ec4-a0a4d4694342",
    "data": [
      {
        "text": "มีกิจกรรมใหญ่ในเดือนนี้มั้ย",
        "userDefined": false
      }
    ],
    "isTemplate": false,
    "count": 0,
    "lang": "th",
    "updated": 0
  },
  {
    "id": "c9c0095b-155d-424a-ab07-2e71aa599e48",
    "data": [
      {
        "text": "งานประจำเดือนนี้จัดที่ไหน",
        "userDefined": false
      }
    ],
    "isTemplate": false,
    "count": 0,
    "lang": "th",
    "updated": 0
  },
  {
    "id": "d8ddb96b-7e87-436a-853c-9788330b1fed",
    "data": [
      {
        "text": "ช่วยแนะนำอีเว้นท์ที่น่าสนใจในเดือนนี้",
        "userDefined": false
      }
    ],
    "isTemplate": false,
    "count": 0,
    "lang": "th",
    "updated": 0
  },
  {
    "id": "e7334abf-c165-4da7-af27-b3ad89d7d914",
    "data": [
      {
        "text": "ปฏิทินเดือนนี้มีอะไรพิเศษบ้าง",
        "userDefined": false
      }
    ],
    "isTemplate": false,
    "count": 0,
    "lang": "th",
    "updated": 0
  },
  {
    "id": "2505ecd1-26b2-4058-adda-a51c9d9d878c",
    "data": [
      {
        "text": "งานอีเว้นท์ใหญ่ๆ เดือนนี้มีอะไรบ้าง",
        "userDefined": false
      }
    ],
    "isTemplate": false,
    "count": 0,
    "lang": "th",
    "updated": 0
  },
  {
    "id": "66c6748d-33f6-434c-ac0d-d439da6821f5",
    "data": [
      {
        "text": "มีงานเทศกาลในเดือนนี้หรือเปล่า",
        "userDefined": false
      }
    ],
    "isTemplate": false,
    "count": 0,
    "lang": "th",
    "updated": 0
  },
  {
    "id": "ae23af83-4351-4aa3-8ea9-fcd73c7b114d",
    "data": [
      {
        "text": "เดือนนี้มีงานแสดงอะไรน่าสนใจ",
        "userDefined": false
      }
    ],
    "isTemplate": false,
    "count": 0,
    "lang": "th",
    "updated": 0
  },
  {
    "id": "07b4dfe7-2d29-40bd-83af-0c74d7c18305",
    "data": [
      {
        "text": "อีเว้นท์ที่จัดในเมืองเดือนนี้มีอะไรบ้าง",
        "userDefined": false
      }
    ],
    "isTemplate": false,
    "count": 0,
    "lang": "th",
    "updated": 0
  },
  {
    "id": "e45a8a82-91de-499a-b472-74481bdb077b",
    "data": [
      {
        "text": "ตารางงานประจำเดือนนี้มีอัพเดตหรือยัง",
        "userDefined": false
      }
    ],
    "isTemplate": false,
    "count": 0,
    "lang": "th",
    "updated": 0
  },
  {
    "id": "edb13277-04d1-48aa-9d92-10abb0524313",
    "data": [
      {
        "text": "ช่วยบอกงานในปฏิทินเดือนนี้ที",
        "userDefined": false
      }
    ],
    "isTemplate": false,
    "count": 0,
    "lang": "th",
    "updated": 0
  },
  {
    "id": "13f8dabf-4e40-4bdb-9975-c62077ffddba",
    "data": [
      {
        "text": "มีกิจกรรมกลางแจ้งในเดือนนี้ไหม",
        "userDefined": false
      }
    ],
    "isTemplate": false,
    "count": 0,
    "lang": "th",
    "updated": 0
  },
  {
    "id": "10ec0005-ab5f-46a0-a080-1a82b933c379",
    "data": [
      {
        "text": "อีเว้นท์ฟรีเดือนนี้มีอะไรบ้าง",
        "userDefined": false
      }
    ],
    "isTemplate": false,
    "count": 0,
    "lang": "th",
    "updated": 0
  },
  {
    "id": "611a4a76-0dbb-43bc-923c-d5d28725f913",
    "data": [
      {
        "text": "ช่วยดูงานที่จัดในเดือนนี้หน่อย",
        "userDefined": false
      }
    ],
    "isTemplate": false,
    "count": 0,
    "lang": "th",
    "updated": 0
  },
  {
    "id": "cccdf289-7af5-44b5-ba74-52c4fca68882",
    "data": [
      {
        "text": "งานประจำเดือนนี้มีที่ไหนที่น่าสนใจ",
        "userDefined": false
      }
    ],
    "isTemplate": false,
    "count": 0,
    "lang": "th",
    "updated": 0
  },
  {
    "id": "50984616-2de9-4e2f-ba90-5e7f7c31f8c5",
    "data": [
      {
        "text": "เดือนนี้มีตลาดนัดหรือเปล่า",
        "userDefined": false
      }
    ],
    "isTemplate": false,
    "count": 0,
    "lang": "th",
    "updated": 0
  },
  {
    "id": "84daf6e0-a309-4db0-80b4-a175c1404a9b",
    "data": [
      {
        "text": "ปฏิทินเดือนนี้มีงานสำหรับเด็กมั้ย",
        "userDefined": false
      }
    ],
    "isTemplate": false,
    "count": 0,
    "lang": "th",
    "updated": 0
  },
  {
    "id": "091796a5-9f9e-4a43-912b-a45c860fc075",
    "data": [
      {
        "text": "กิจกรรมที่ต้องลงทะเบียนเดือนนี้มีอะไรบ้าง",
        "userDefined": false
      }
    ],
    "isTemplate": false,
    "count": 0,
    "lang": "th",
    "updated": 0
  },
  {
    "id": "99fdcd65-d84b-4503-ab28-a6f8195b1b85",
    "data": [
      {
        "text": "เดือนนี้มีกิจกรรมกลางคืนบ้างมั้ย",
        "userDefined": false
      }
    ],
    "isTemplate": false,
    "count": 0,
    "lang": "th",
    "updated": 0
  },
  {
    "id": "955d6fc1-4084-4478-b021-56776e1c99f4",
    "data": [
      {
        "text": "ช่วยแนะนำงานอีเว้นท์ที่ต้องไม่พลาดในเดือนนี้",
        "userDefined": false
      }
    ],
    "isTemplate": false,
    "count": 0,
    "lang": "th",
    "updated": 0
  },
  {
    "id": "22cc22c1-c31e-4da4-8bee-a194aad072d6",
    "data": [
      {
        "text": "มีกิจกรรมกีฬาในเดือนนี้ไหม",
        "userDefined": false
      }
    ],
    "isTemplate": false,
    "count": 0,
    "lang": "th",
    "updated": 0
  },
  {
    "id": "43d1d5a6-f62a-4497-bf94-4d7b7501d8b1",
    "data": [
      {
        "text": "ปฏิทินเดือนนี้มีกิจกรรมใหม่ๆ อะไรบ้าง",
        "userDefined": false
      }
    ],
    "isTemplate": false,
    "count": 0,
    "lang": "th",
    "updated": 0
  },
  {
    "id": "b3bfa199-ab05-4e43-934d-a989f473487a",
    "data": [
      {
        "text": "งานอีเว้นท์สำหรับครอบครัวเดือนนี้มีอะไร",
        "userDefined": false
      }
    ],
    "isTemplate": false,
    "count": 0,
    "lang": "th",
    "updated": 0
  },
  {
    "id": "bdbfa9e6-cef5-44cc-bde1-a6e88d2f04c9",
    "data": [
      {
        "text": "งานในห้างสรรพสินค้าเดือนนี้มีอะไรน่าสนใจ",
        "userDefined": false
      }
    ],
    "isTemplate": false,
    "count": 0,
    "lang": "th",
    "updated": 0
  },
  {
    "id": "2fad1879-c40d-463d-a85a-fb8759e94dc3",
    "data": [
      {
        "text": "เดือนนี้มีคอนเสิร์ตบ้างมั้ย",
        "userDefined": false
      }
    ],
    "isTemplate": false,
    "count": 0,
    "lang": "th",
    "updated": 0
  },
  {
    "id": "287f69f5-033a-4eea-9496-bb3a4c5dec8f",
    "data": [
      {
        "text": "งานแสดงสินค้าประจำเดือนนี้จัดที่ไหน",
        "userDefined": false
      }
    ],
    "isTemplate": false,
    "count": 0,
    "lang": "th",
    "updated": 0
  },
  {
    "id": "427ca1fb-b491-424c-a99b-0a7b4e86e5ca",
    "data": [
      {
        "text": "มีกิจกรรมที่ต้องจองล่วงหน้าในเดือนนี้ไหม",
        "userDefined": false
      }
    ],
    "isTemplate": false,
    "count": 0,
    "lang": "th",
    "updated": 0
  },
  {
    "id": "2da53c0b-e1d0-4087-a6e6-f3254a9cfd17",
    "data": [
      {
        "text": "อีเว้นท์ในสวนสาธารณะเดือนนี้มีอะไรบ้าง",
        "userDefined": false
      }
    ],
    "isTemplate": false,
    "count": 0,
    "lang": "th",
    "updated": 0
  },
  {
    "id": "e8f5e5da-967b-45ce-8f58-e70bb17c193e",
    "data": [
      {
        "text": "ช่วยบอกข้อมูลงานในปฏิทินเดือนนี้",
        "userDefined": false
      }
    ],
    "isTemplate": false,
    "count": 0,
    "lang": "th",
    "updated": 0
  },
  {
    "id": "54ece517-95f0-4aa7-8f10-77b33dc08d2e",
    "data": [
      {
        "text": "เดือนนี้มีงานอะไรที่เหมาะกับเด็กๆ",
        "userDefined": false
      }
    ],
    "isTemplate": false,
    "count": 0,
    "lang": "th",
    "updated": 0
  },
  {
    "id": "5775aeb6-6e20-4fbe-8309-b1f5905f03fa",
    "data": [
      {
        "text": "ช่วยแนะนำกิจกรรมวันหยุดในเดือนนี้",
        "userDefined": false
      }
    ],
    "isTemplate": false,
    "count": 0,
    "lang": "th",
    "updated": 0
  },
  {
    "id": "11b2c4c6-5244-4bdb-b643-0f349a17bd99",
    "data": [
      {
        "text": "อีเว้นท์น่าสนใจเดือนนี้มีที่ไหนบ้าง",
        "userDefined": false
      }
    ],
    "isTemplate": false,
    "count": 0,
    "lang": "th",
    "updated": 0
  },
  {
    "id": "4215fe83-d8a4-46b5-b0cd-d4583724f83c",
    "data": [
      {
        "text": "เดือนนี้มีงานขายสินค้าอะไรบ้าง",
        "userDefined": false
      }
    ],
    "isTemplate": false,
    "count": 0,
    "lang": "th",
    "updated": 0
  },
  {
    "id": "82997624-30fb-4fb4-9831-06c879ac6d1e",
    "data": [
      {
        "text": "งานศิลปะในเดือนนี้มีอะไรบ้าง",
        "userDefined": false
      }
    ],
    "isTemplate": false,
    "count": 0,
    "lang": "th",
    "updated": 0
  },
  {
    "id": "61007c26-1ede-4cf7-9778-003783463b0a",
    "data": [
      {
        "text": "กิจกรรมในช่วงวันหยุดสุดสัปดาห์เดือนนี้มีอะไรบ้าง",
        "userDefined": false
      }
    ],
    "isTemplate": false,
    "count": 0,
    "lang": "th",
    "updated": 0
  },
  {
    "id": "357e2f25-d88d-42c5-a891-bd3501561cbf",
    "data": [
      {
        "text": "ปฏิทินงานเดือนนี้มีอัพเดตล่าสุดยัง",
        "userDefined": false
      }
    ],
    "isTemplate": false,
    "count": 0,
    "lang": "th",
    "updated": 0
  },
  {
    "id": "04520c55-8e44-45f1-a50b-8d2d9cd84e41",
    "data": [
      {
        "text": "เดือนนี้มีอีเว้นท์เกี่ยวกับอาหารไหม",
        "userDefined": false
      }
    ],
    "isTemplate": false,
    "count": 0,
    "lang": "th",
    "updated": 0
  },
  {
    "id": "78ed91f4-f1f7-4928-a276-d71c75dcddae",
    "data": [
      {
        "text": "ช่วยดูงานที่จัดใกล้บ้านในเดือนนี้หน่อย",
        "userDefined": false
      }
    ],
    "isTemplate": false,
    "count": 0,
    "lang": "th",
    "updated": 0
  },
  {
    "id": "48189dc9-2889-47c5-b294-e69b402a2e62",
    "data": [
      {
        "text": "เดือนนี้มีเทศกาลอะไรน่าสนใจ",
        "userDefined": false
      }
    ],
    "isTemplate": false,
    "count": 0,
    "lang": "th",
    "updated": 0
  },
  {
    "id": "98bc9f87-3428-4009-a5b9-f382b1faac04",
    "data": [
      {
        "text": "งานประจำเดือนนี้จัดในพื้นที่ไหนบ้าง",
        "userDefined": false
      }
    ],
    "isTemplate": false,
    "count": 0,
    "lang": "th",
    "updated": 0
  },
  {
    "id": "44f411b2-cb4d-4e68-b710-e69de4b974fd",
    "data": [
      {
        "text": "วันสงกรานต์",
        "userDefined": false
      }
    ],
    "isTemplate": false,
    "count": 1,
    "lang": "th",
    "updated": 0
  },
  {
    "id": "5dfe2291-eb79-4b5d-9823-665c0b809462",
    "data": [
      {
        "text": "มีกิจกรรมที่เหมาะกับผู้สูงอายุในเดือนนี้ไหม",
        "userDefined": false
      }
    ],
    "isTemplate": false,
    "count": 0,
    "lang": "th",
    "updated": 0
  },
  {
    "id": "5cafa7e2-b151-47a6-a07f-6d64408c93f3",
    "data": [
      {
        "text": "ช่วยแนะนำงานที่จัดตอนเย็นเดือนนี้",
        "userDefined": false
      }
    ],
    "isTemplate": false,
    "count": 0,
    "lang": "th",
    "updated": 0
  },
  {
    "id": "947e1c49-9891-4443-aa6e-2f68022a0026",
    "data": [
      {
        "text": "เดือนนี้มีเวิร์กช็อปอะไรบ้าง",
        "userDefined": false
      }
    ],
    "isTemplate": false,
    "count": 0,
    "lang": "th",
    "updated": 0
  },
  {
    "id": "4961dcc3-36e7-449c-b184-3000392bc078",
    "data": [
      {
        "text": "งานหนังสือประจำเดือนนี้จัดวันไหน",
        "userDefined": false
      }
    ],
    "isTemplate": false,
    "count": 0,
    "lang": "th",
    "updated": 0
  },
  {
    "id": "473d6895-86e7-4a9e-9337-c1ddb972bfbd",
    "data": [
      {
        "text": "กิจกรรมวันหยุดในเดือนนี้มีอะไรบ้าง",
        "userDefined": false
      }
    ],
    "isTemplate": false,
    "count": 0,
    "lang": "th",
    "updated": 0
  },
  {
    "id": "46c26fb2-b223-4597-9e0c-90cc8614672c",
    "data": [
      {
        "text": "ช่วยบอกงานในปฏิทินเดือนนี้สำหรับวัยรุ่น",
        "userDefined": false
      }
    ],
    "isTemplate": false,
    "count": 0,
    "lang": "th",
    "updated": 0
  },
  {
    "id": "e876cc3f-3167-4837-a152-c0efb8892dcd",
    "data": [
      {
        "text": "อีเว้นท์เกี่ยวกับดนตรีเดือนนี้มีอะไร",
        "userDefined": false
      }
    ],
    "isTemplate": false,
    "count": 0,
    "lang": "th",
    "updated": 0
  }
]