[
  {
    "id": "58b2286f-196e-4acc-a48f-db0bdc530215",
    "data": [
      {
        "text": "ติดต่อร้าน ",
        "userDefined": false
      },
      {
        "text": "BB Le Garden",
        "meta": "@Location",
        "alias": "location",
        "userDefined": false
      }
    ],
    "isTemplate": false,
    "count": 0,
    "lang": "th",
    "updated": 0
  },
  {
    "id": "2f0b1dd8-4852-4bb4-9f5e-46b0decd9dd0",
    "data": [
      {
        "text": "ร้าน",
        "userDefined": false
      },
      {
        "text": "ประชาสโมสร",
        "meta": "@Location",
        "alias": "location",
        "userDefined": true
      },
      {
        "text": "มี",
        "userDefined": false
      },
      {
        "text": "บรรยากาศ",
        "meta": "@description",
        "alias": "description",
        "userDefined": true
      },
      {
        "text": "ยังไง",
        "userDefined": false
      }
    ],
    "isTemplate": false,
    "count": 0,
    "lang": "th",
    "updated": 0
  },
  {
    "id": "af7abdca-ff6a-4f84-b338-fc1ce06d8b5d",
    "data": [
      {
        "text": "ขอนแก่น คอหมูย่าง",
        "meta": "@Location",
        "alias": "location",
        "userDefined": false
      },
      {
        "text": "นี้เป็นที่",
        "userDefined": false
      },
      {
        "text": "นิยมเรื่องอะไร",
        "meta": "@description",
        "alias": "description",
        "userDefined": true
      }
    ],
    "isTemplate": false,
    "count": 0,
    "lang": "th",
    "updated": 0
  },
  {
    "id": "bd2c6111-3e4b-4a54-865c-a61129ca0b37",
    "data": [
      {
        "text": "โจ๊ก ก๋วยจั๊บ ต้มเส้น บัตรคิว",
        "meta": "@Location",
        "alias": "location",
        "userDefined": false
      },
      {
        "text": "มี",
        "userDefined": false
      },
      {
        "text": "จุดเด่น",
        "meta": "@description",
        "alias": "description",
        "userDefined": true
      },
      {
        "text": "อะไรพิเศษ",
        "meta": "@description",
        "alias": "description",
        "userDefined": true
      }
    ],
    "isTemplate": false,
    "count": 0,
    "lang": "th",
    "updated": 0
  },
  {
    "id": "a31ddf47-9ee6-49b8-93ef-ada1ebd37002",
    "data": [
      {
        "text": "ร้าน",
        "userDefined": false
      },
      {
        "text": "ก๋วยเตี๋ยวเนื้อเฮียจ่อย",
        "meta": "@Location",
        "alias": "location",
        "userDefined": false
      },
      {
        "text": "คนพูดถึง",
        "meta": "@description",
        "alias": "description",
        "userDefined": true
      },
      {
        "text": "กันว่าไงบ้าง",
        "userDefined": false
      }
    ],
    "isTemplate": false,
    "count": 0,
    "lang": "th",
    "updated": 0
  },
  {
    "id": "cd9f32a0-1e2f-4368-8329-d501ff1b4545",
    "data": [
      {
        "text": "ประสิทธิ์โภชนา",
        "meta": "@Location",
        "alias": "location",
        "userDefined": false
      },
      {
        "text": "มีอะไรที่",
        "userDefined": false
      },
      {
        "text": "เป็นเอกลักษณ์",
        "meta": "@description",
        "alias": "description",
        "userDefined": true
      },
      {
        "text": "ของร้านบ้าง",
        "userDefined": false
      }
    ],
    "isTemplate": false,
    "count": 0,
    "lang": "th",
    "updated": 0
  },
  {
    "id": "b9ba606b-56d1-4d5f-9956-b983af777594",
    "data": [
      {
        "text": "บ้านเฮง",
        "meta": "@Location",
        "alias": "location",
        "userDefined": false
      },
      {
        "text": "มี",
        "userDefined": false
      },
      {
        "text": "จุดเด่น",
        "meta": "@description",
        "alias": "description",
        "userDefined": true
      },
      {
        "text": "เรื่องอะไรใน",
        "userDefined": false
      },
      {
        "text": "รีวิว",
        "meta": "@description",
        "alias": "description",
        "userDefined": false
      }
    ],
    "isTemplate": false,
    "count": 0,
    "lang": "th",
    "updated": 0
  },
  {
    "id": "d6f4cd97-b739-4297-ab7e-300664bef7c0",
    "data": [
      {
        "text": "ศาลหลักเมือง",
        "meta": "@Location",
        "alias": "location",
        "userDefined": false
      },
      {
        "text": "นี้มี",
        "userDefined": false
      },
      {
        "text": "เรื่องราว",
        "meta": "@description",
        "alias": "description",
        "userDefined": true
      },
      {
        "text": "อะไร",
        "userDefined": false
      },
      {
        "text": "น่าสนใจ",
        "meta": "@description",
        "alias": "description",
        "userDefined": true
      },
      {
        "text": "บ้าง",
        "userDefined": false
      }
    ],
    "isTemplate": false,
    "count": 0,
    "lang": "th",
    "updated": 0
  },
  {
    "id": "68cd8a59-abaa-4366-9c39-038eaf10012d",
    "data": [
      {
        "text": "พระมหาธาตุแก่นนคร",
        "meta": "@Location",
        "alias": "location",
        "userDefined": false
      },
      {
        "text": "มี",
        "userDefined": false
      },
      {
        "text": "ประวัติความเป็นมา",
        "meta": "@description",
        "alias": "description",
        "userDefined": true
      },
      {
        "text": "ยังไง",
        "userDefined": false
      }
    ],
    "isTemplate": false,
    "count": 0,
    "lang": "th",
    "updated": 0
  },
  {
    "id": "f01a2182-4941-4207-bb45-4c7c99b899b4",
    "data": [
      {
        "text": "ตลาดต้นตาล",
        "meta": "@Location",
        "alias": "location",
        "userDefined": false
      },
      {
        "text": "มี",
        "meta": "@description",
        "alias": "description",
        "userDefined": false
      },
      {
        "text": "บรรยากาศ",
        "meta": "@description",
        "alias": "description",
        "userDefined": true
      },
      {
        "text": "แบบไหน",
        "userDefined": false
      }
    ],
    "isTemplate": false,
    "count": 0,
    "lang": "th",
    "updated": 0
  },
  {
    "id": "d67b4540-4b1a-481a-b6fa-25f75bb26fae",
    "data": [
      {
        "text": "อุทยานแห่งชาติภูผาม่าน",
        "meta": "@Location",
        "alias": "location",
        "userDefined": false
      },
      {
        "text": "เป็นยังไง ",
        "userDefined": false
      },
      {
        "text": "น่าเที่ยวไหม",
        "meta": "@description",
        "alias": "description",
        "userDefined": true
      }
    ],
    "isTemplate": false,
    "count": 0,
    "lang": "th",
    "updated": 0
  },
  {
    "id": "8dcdb010-b171-4b19-b160-60d0e2a69e1f",
    "data": [
      {
        "text": "ขอ",
        "userDefined": false
      },
      {
        "text": "ข้อมูล",
        "meta": "@description",
        "alias": "description",
        "userDefined": false
      },
      {
        "text": "เพิ่มเติม",
        "userDefined": false
      },
      {
        "text": "เกี่ยวกับ",
        "meta": "@description",
        "alias": "description",
        "userDefined": false
      },
      {
        "text": "บึงแก่นนคร",
        "meta": "@Location",
        "alias": "location",
        "userDefined": false
      },
      {
        "text": "หน่อย",
        "userDefined": false
      }
    ],
    "isTemplate": false,
    "count": 0,
    "lang": "th",
    "updated": 0
  },
  {
    "id": "db53c7b3-8557-41e2-b1bb-e8a066686e9c",
    "data": [
      {
        "text": "จุดชมวิวหินช้างสี",
        "meta": "@Location",
        "alias": "location",
        "userDefined": false
      },
      {
        "text": "มีอะไรที่",
        "userDefined": false
      },
      {
        "text": "ไม่ควรพลาด",
        "meta": "@description",
        "alias": "description",
        "userDefined": true
      },
      {
        "text": "บ้าง",
        "userDefined": false
      }
    ],
    "isTemplate": false,
    "count": 0,
    "lang": "th",
    "updated": 0
  },
  {
    "id": "d518a97c-6473-4b5f-b51c-7a82a3c736c8",
    "data": [
      {
        "text": "บางแสน 2",
        "meta": "@Location",
        "alias": "location",
        "userDefined": false
      },
      {
        "text": " มี",
        "userDefined": false
      },
      {
        "text": "จุดเด่นอะไร",
        "meta": "@description",
        "alias": "description",
        "userDefined": true
      },
      {
        "text": "ให้แนะนำบ้าง",
        "userDefined": false
      }
    ],
    "isTemplate": false,
    "count": 0,
    "lang": "th",
    "updated": 0
  },
  {
    "id": "c77a5525-1ce4-48a7-8e77-f2182db1810f",
    "data": [
      {
        "text": "อยากรู้ว่า",
        "userDefined": false
      },
      {
        "text": "เขื่อนอุบลรัตน์",
        "meta": "@Location",
        "alias": "location",
        "userDefined": true
      },
      {
        "text": "น่าไปยังไง",
        "meta": "@description",
        "alias": "description",
        "userDefined": true
      }
    ],
    "isTemplate": false,
    "count": 0,
    "lang": "th",
    "updated": 0
  },
  {
    "id": "3e9cca80-39b8-407a-ba46-f776c74c828b",
    "data": [
      {
        "text": "สวนสัตว์ขอนแก่น",
        "meta": "@Location",
        "alias": "location",
        "userDefined": false
      },
      {
        "text": "มี",
        "userDefined": false
      },
      {
        "text": "ข้อมูล",
        "meta": "@description",
        "alias": "description",
        "userDefined": false
      },
      {
        "text": "อะไรบ้าง",
        "userDefined": false
      }
    ],
    "isTemplate": false,
    "count": 0,
    "lang": "th",
    "updated": 0
  },
  {
    "id": "b1e34162-2280-4864-b21c-ed2219b2f6b3",
    "data": [
      {
        "text": "มีใคร",
        "userDefined": false
      },
      {
        "text": "รีวิว",
        "meta": "@description",
        "alias": "description",
        "userDefined": false
      },
      {
        "text": "พิพิธภัณฑ์ไดโนเสาร์ภูเวียง",
        "meta": "@Location",
        "alias": "location",
        "userDefined": false
      },
      {
        "text": "ไว้บ้างไหม",
        "userDefined": false
      }
    ],
    "isTemplate": false,
    "count": 0,
    "lang": "th",
    "updated": 0
  },
  {
    "id": "e21298b9-b7e7-414e-948d-71d703de10c6",
    "data": [
      {
        "text": "รีวิว",
        "meta": "@description",
        "alias": "description",
        "userDefined": true
      },
      {
        "text": "ร้าน",
        "userDefined": false
      },
      {
        "text": "ประไพร",
        "meta": "@Location",
        "alias": "location",
        "userDefined": false
      },
      {
        "text": "อร่อยไหม",
        "userDefined": false
      }
    ],
    "isTemplate": false,
    "count": 0,
    "lang": "th",
    "updated": 0
  },
  {
    "id": "870aa3f2-fa85-4e40-923e-e7a0032eecc8",
    "data": [
      {
        "text": "ขอ",
        "userDefined": false
      },
      {
        "text": "ข้อมูล",
        "meta": "@description",
        "alias": "description",
        "userDefined": true
      },
      {
        "text": "เกี่ยวกับ",
        "meta": "@description",
        "alias": "description",
        "userDefined": true
      },
      {
        "text": "พระธาตุขามแก่น",
        "meta": "@Location",
        "alias": "location",
        "userDefined": false
      }
    ],
    "isTemplate": false,
    "count": 0,
    "lang": "th",
    "updated": 0
  },
  {
    "id": "8c66bbd5-4ff0-41b2-98dd-a457f5092fe9",
    "data": [
      {
        "text": "เอ็กโซติค",
        "meta": "@Location",
        "alias": "location",
        "userDefined": false
      },
      {
        "text": "รีวิว",
        "meta": "@description",
        "alias": "description",
        "userDefined": true
      }
    ],
    "isTemplate": false,
    "count": 0,
    "lang": "th",
    "updated": 0
  },
  {
    "id": "c46439d1-dc87-4f36-9813-40171de943e6",
    "data": [
      {
        "text": "รีวิว",
        "meta": "@description",
        "alias": "description",
        "userDefined": true
      },
      {
        "text": "ถนนคนเดินขอนแก่น",
        "meta": "@Location",
        "alias": "location",
        "userDefined": false
      },
      {
        "text": "หน่อย",
        "userDefined": false
      }
    ],
    "isTemplate": false,
    "count": 0,
    "lang": "th",
    "updated": 0
  },
  {
    "id": "972fed02-65c0-4d5c-a174-842bb9294918",
    "data": [
      {
        "text": "เนื้อหา",
        "meta": "@description",
        "alias": "description",
        "userDefined": true
      },
      {
        "text": "ตลาดต้นตาล",
        "meta": "@Location",
        "alias": "location",
        "userDefined": false
      }
    ],
    "isTemplate": false,
    "count": 0,
    "lang": "th",
    "updated": 0
  },
  {
    "id": "7e9abfa8-0c96-4372-bfd6-d993d4c6cb5f",
    "data": [
      {
        "text": "ขอ",
        "userDefined": false
      },
      {
        "text": "รายละเอียด",
        "meta": "@description",
        "alias": "description",
        "userDefined": false
      },
      {
        "text": "จุดชมวิวหินช้างสี",
        "meta": "@Location",
        "alias": "location",
        "userDefined": false
      }
    ],
    "isTemplate": false,
    "count": 0,
    "lang": "th",
    "updated": 0
  },
  {
    "id": "c0a79249-bd4f-428a-8511-266be8f32f09",
    "data": [
      {
        "text": "รายละเอียด",
        "meta": "@description",
        "alias": "description",
        "userDefined": false
      },
      {
        "text": "จุดชมวิวหินช้างสี",
        "meta": "@Location",
        "alias": "location",
        "userDefined": false
      }
    ],
    "isTemplate": false,
    "count": 0,
    "lang": "th",
    "updated": 0
  },
  {
    "id": "8af2ec76-c246-41df-a136-6c05e9172721",
    "data": [
      {
        "text": "รายละเอียด",
        "meta": "@description",
        "alias": "description",
        "userDefined": false
      },
      {
        "text": "พิพิธภัณฑ์ไดโนเสาร์ภูเวียง",
        "meta": "@Location",
        "alias": "location",
        "userDefined": false
      }
    ],
    "isTemplate": false,
    "count": 0,
    "lang": "th",
    "updated": 0
  },
  {
    "id": "2c51e92d-18af-43ca-863f-184ebdd8edb3",
    "data": [
      {
        "text": "รายละเอียด",
        "meta": "@description",
        "alias": "description",
        "userDefined": false
      },
      {
        "text": "อุทยานแห่งชาติภูเวียง",
        "meta": "@Location",
        "alias": "location",
        "userDefined": false
      }
    ],
    "isTemplate": false,
    "count": 0,
    "lang": "th",
    "updated": 0
  },
  {
    "id": "dcd784c7-4ab4-489c-84d9-58b7e42b0a40",
    "data": [
      {
        "text": "รายละเอียด",
        "meta": "@description",
        "alias": "description",
        "userDefined": false
      },
      {
        "text": "น้ำตกบ๋าหลวง",
        "meta": "@Location",
        "alias": "location",
        "userDefined": false
      }
    ],
    "isTemplate": false,
    "count": 0,
    "lang": "th",
    "updated": 0
  },
  {
    "id": "1ad32838-459c-4d49-835c-49404b9aef8d",
    "data": [
      {
        "text": "รายละเอียด",
        "meta": "@description",
        "alias": "description",
        "userDefined": false
      },
      {
        "text": "วัดทุ่งเศรษฐี",
        "meta": "@Location",
        "alias": "location",
        "userDefined": false
      }
    ],
    "isTemplate": false,
    "count": 0,
    "lang": "th",
    "updated": 0
  },
  {
    "id": "7e8097f0-da36-4f01-bd4f-f810d25aa238",
    "data": [
      {
        "text": "รายละเอียด",
        "meta": "@description",
        "alias": "description",
        "userDefined": false
      },
      {
        "text": "สวนสัตว์ขอนแก่น",
        "meta": "@Location",
        "alias": "location",
        "userDefined": false
      }
    ],
    "isTemplate": false,
    "count": 0,
    "lang": "th",
    "updated": 0
  },
  {
    "id": "503cfeea-bf5a-4842-85c4-4b22144305d5",
    "data": [
      {
        "text": "พิพิธภัณฑ์ไดโนเสาร์ภูเวียง",
        "meta": "@Location",
        "alias": "location",
        "userDefined": true
      },
      {
        "text": "มี",
        "userDefined": false
      },
      {
        "text": "รีวิว",
        "meta": "@description",
        "alias": "description",
        "userDefined": true
      },
      {
        "text": "ยังไงบ้าง",
        "userDefined": false
      }
    ],
    "isTemplate": false,
    "count": 0,
    "lang": "th",
    "updated": 0
  },
  {
    "id": "da152de4-5ddf-4516-9a62-9087dad5a7e6",
    "data": [
      {
        "text": "อยากรู้",
        "userDefined": false
      },
      {
        "text": "รายละเอียด",
        "meta": "@description",
        "alias": "description",
        "userDefined": true
      },
      {
        "text": "ของ",
        "userDefined": false
      },
      {
        "text": "ตลาดต้นตาล",
        "meta": "@Location",
        "alias": "location",
        "userDefined": true
      },
      {
        "text": "หน่อย",
        "userDefined": false
      }
    ],
    "isTemplate": false,
    "count": 0,
    "lang": "th",
    "updated": 0
  },
  {
    "id": "8bc26849-2736-4ce1-9e94-367c226a8f78",
    "data": [
      {
        "text": "เขื่อนอุบลรัตน์",
        "meta": "@Location",
        "alias": "location",
        "userDefined": true
      },
      {
        "text": "เป็นยังไง",
        "meta": "@description",
        "alias": "description",
        "userDefined": true
      },
      {
        "text": " ",
        "userDefined": false
      },
      {
        "text": "มีอะไรบ้าง",
        "meta": "@description",
        "alias": "description",
        "userDefined": true
      }
    ],
    "isTemplate": false,
    "count": 0,
    "lang": "th",
    "updated": 0
  },
  {
    "id": "8a2ce1f5-7531-4282-bc8d-b113793ce92b",
    "data": [
      {
        "text": "มี",
        "userDefined": false
      },
      {
        "text": "ข้อมูล",
        "meta": "@description",
        "alias": "description",
        "userDefined": true
      },
      {
        "text": "เกี่ยวกับ",
        "meta": "@description",
        "alias": "description",
        "userDefined": true
      },
      {
        "text": "จุดชมวิวหินช้างสี",
        "meta": "@Location",
        "alias": "location",
        "userDefined": true
      },
      {
        "text": "ไหม",
        "userDefined": false
      }
    ],
    "isTemplate": false,
    "count": 0,
    "lang": "th",
    "updated": 0
  },
  {
    "id": "6d5efb87-4b55-4fd1-ba6c-0d41c65739c6",
    "data": [
      {
        "text": "อยากรู้",
        "userDefined": false
      },
      {
        "text": "เนื้อหา",
        "meta": "@description",
        "alias": "description",
        "userDefined": true
      },
      {
        "text": "เกี่ยวกับ",
        "meta": "@description",
        "alias": "description",
        "userDefined": true
      },
      {
        "text": "พระมหาธาตุแก่นนคร",
        "meta": "@Location",
        "alias": "location",
        "userDefined": true
      }
    ],
    "isTemplate": false,
    "count": 0,
    "lang": "th",
    "updated": 0
  },
  {
    "id": "c0c29ffd-e384-4548-8ec0-a61416734b6b",
    "data": [
      {
        "text": "มี",
        "userDefined": false
      },
      {
        "text": "คำอธิบายเกี่ยวกับ",
        "meta": "@description",
        "alias": "description",
        "userDefined": true
      },
      {
        "text": "บึงแก่นนคร",
        "meta": "@Location",
        "alias": "location",
        "userDefined": true
      },
      {
        "text": "มั้ย",
        "userDefined": false
      }
    ],
    "isTemplate": false,
    "count": 0,
    "lang": "th",
    "updated": 0
  },
  {
    "id": "067e9769-a469-42e3-88fa-a83a512c9de9",
    "data": [
      {
        "text": "บอก",
        "userDefined": false
      },
      {
        "text": "ข้อมูล",
        "meta": "@description",
        "alias": "description",
        "userDefined": true
      },
      {
        "text": "อุทยานแห่งชาติภูผาม่าน",
        "meta": "@Location",
        "alias": "location",
        "userDefined": true
      },
      {
        "text": "หน่อยได้มั้ย",
        "userDefined": false
      }
    ],
    "isTemplate": false,
    "count": 0,
    "lang": "th",
    "updated": 0
  },
  {
    "id": "92c679eb-7f7b-40fb-a702-0cae8e26ee49",
    "data": [
      {
        "text": "มีอะไรน่าสนใจ",
        "meta": "@description",
        "alias": "description",
        "userDefined": true
      },
      {
        "text": "ที่",
        "userDefined": false
      },
      {
        "text": "อุทยานแห่งชาติน้ำพอง",
        "meta": "@Location",
        "alias": "location",
        "userDefined": true
      },
      {
        "text": "บ้าง",
        "userDefined": false
      }
    ],
    "isTemplate": false,
    "count": 0,
    "lang": "th",
    "updated": 0
  },
  {
    "id": "d883ba28-93db-471d-9eb5-cc298e05c6eb",
    "data": [
      {
        "text": "รายละเอียด",
        "meta": "@description",
        "alias": "description",
        "userDefined": true
      },
      {
        "text": "ของ",
        "userDefined": false
      },
      {
        "text": "บึงทุ่งสร้าง",
        "meta": "@Location",
        "alias": "location",
        "userDefined": true
      },
      {
        "text": "คืออะไร",
        "userDefined": false
      }
    ],
    "isTemplate": false,
    "count": 0,
    "lang": "th",
    "updated": 0
  },
  {
    "id": "541aecc3-df80-4d49-ac02-310bebfbf784",
    "data": [
      {
        "text": "ช่วยเล่า",
        "userDefined": false
      },
      {
        "text": "รายละเอียด",
        "meta": "@description",
        "alias": "description",
        "userDefined": true
      },
      {
        "text": "เกี่ยวกับ",
        "meta": "@description",
        "alias": "description",
        "userDefined": true
      },
      {
        "text": "ถนนคนเดินขอนแก่น",
        "meta": "@Location",
        "alias": "location",
        "userDefined": true
      },
      {
        "text": "หน่อย",
        "userDefined": false
      }
    ],
    "isTemplate": false,
    "count": 0,
    "lang": "th",
    "updated": 0
  },
  {
    "id": "ffd265cf-68a6-4dbb-95f8-d38d4bea143d",
    "data": [
      {
        "text": "มี",
        "userDefined": false
      },
      {
        "text": "ข้อมูลเพิ่มเติม",
        "meta": "@description",
        "alias": "description",
        "userDefined": true
      },
      {
        "text": "เกี่ยวกับ",
        "meta": "@description",
        "alias": "description",
        "userDefined": true
      },
      {
        "text": "วัดถ้ำแสงธรรม",
        "meta": "@Location",
        "alias": "location",
        "userDefined": true
      },
      {
        "text": "ไหม",
        "userDefined": false
      }
    ],
    "isTemplate": false,
    "count": 0,
    "lang": "th",
    "updated": 0
  },
  {
    "id": "e985c6f4-2b70-4312-9640-e19c629becaf",
    "data": [
      {
        "text": "อยากรู้",
        "userDefined": false
      },
      {
        "text": "พระธาตุขามแก่น",
        "meta": "@Location",
        "alias": "location",
        "userDefined": true
      },
      {
        "text": "มีอะไรพิเศษ",
        "meta": "@description",
        "alias": "description",
        "userDefined": true
      },
      {
        "text": "บ้าง",
        "userDefined": false
      }
    ],
    "isTemplate": false,
    "count": 0,
    "lang": "th",
    "updated": 0
  },
  {
    "id": "c1c3e871-fb1a-4f70-8852-8dff095037b0",
    "data": [
      {
        "text": "ตลาดต้นตาล",
        "meta": "@Location",
        "alias": "location",
        "userDefined": true
      },
      {
        "text": "มี",
        "userDefined": false
      },
      {
        "text": "ประวัติ",
        "meta": "@description",
        "alias": "description",
        "userDefined": true
      },
      {
        "text": "ยังไง",
        "userDefined": false
      }
    ],
    "isTemplate": false,
    "count": 0,
    "lang": "th",
    "updated": 0
  },
  {
    "id": "9a2c6def-f0a0-40a3-abd5-b5308c6cb03b",
    "data": [
      {
        "text": "ขอ",
        "userDefined": false
      },
      {
        "text": "คำอธิบาย",
        "meta": "@description",
        "alias": "description",
        "userDefined": true
      },
      {
        "text": "เกี่ยวกับ",
        "meta": "@description",
        "alias": "description",
        "userDefined": true
      },
      {
        "text": "วัดแก้วจักรพรรดิสิริสุทธาวาส",
        "meta": "@Location",
        "alias": "location",
        "userDefined": true
      }
    ],
    "isTemplate": false,
    "count": 0,
    "lang": "th",
    "updated": 0
  },
  {
    "id": "54bae442-31c1-4f21-8333-8536dff8d256",
    "data": [
      {
        "text": "มี",
        "userDefined": false
      },
      {
        "text": "รีวิว",
        "meta": "@description",
        "alias": "description",
        "userDefined": true
      },
      {
        "text": "เกี่ยวกับ",
        "meta": "@description",
        "alias": "description",
        "userDefined": true
      },
      {
        "text": "น้ำตกตาดใหญ่",
        "meta": "@Location",
        "alias": "location",
        "userDefined": true
      },
      {
        "text": "บ้างมั้ย",
        "userDefined": false
      }
    ],
    "isTemplate": false,
    "count": 0,
    "lang": "th",
    "updated": 0
  },
  {
    "id": "dced6d7a-09d0-452e-8de9-dab9fecf41bf",
    "data": [
      {
        "text": "เล่า",
        "userDefined": false
      },
      {
        "text": "รายละเอียด",
        "meta": "@description",
        "alias": "description",
        "userDefined": true
      },
      {
        "text": "บึงแก่นนคร",
        "meta": "@Location",
        "alias": "location",
        "userDefined": true
      },
      {
        "text": "ให้ฟังหน่อย",
        "userDefined": false
      }
    ],
    "isTemplate": false,
    "count": 0,
    "lang": "th",
    "updated": 0
  },
  {
    "id": "cf0af0c9-b505-4d5d-a12a-5a62f7c431a6",
    "data": [
      {
        "text": "อุทยานแห่งชาติภูเวียง",
        "meta": "@Location",
        "alias": "location",
        "userDefined": true
      },
      {
        "text": "น่าไป",
        "meta": "@description",
        "alias": "description",
        "userDefined": true
      },
      {
        "text": "มั้ย",
        "userDefined": false
      }
    ],
    "isTemplate": false,
    "count": 0,
    "lang": "th",
    "updated": 0
  },
  {
    "id": "4c174cc3-b9b5-4685-bfac-ccce27535117",
    "data": [
      {
        "text": "มี",
        "userDefined": false
      },
      {
        "text": "ข้อมูล",
        "meta": "@description",
        "alias": "description",
        "userDefined": true
      },
      {
        "text": "เกี่ยวกับ",
        "meta": "@description",
        "alias": "description",
        "userDefined": true
      },
      {
        "text": "ศาลหลักเมือง",
        "meta": "@Location",
        "alias": "location",
        "userDefined": true
      },
      {
        "text": "ให้ดูมั้ย",
        "userDefined": false
      }
    ],
    "isTemplate": false,
    "count": 0,
    "lang": "th",
    "updated": 0
  },
  {
    "id": "a9b96f5d-f0f2-4319-b570-cf1ac0de204c",
    "data": [
      {
        "text": "ช่วย",
        "userDefined": false
      },
      {
        "text": "อธิบาย",
        "meta": "@description",
        "alias": "description",
        "userDefined": true
      },
      {
        "text": "เกี่ยวกับ",
        "meta": "@description",
        "alias": "description",
        "userDefined": true
      },
      {
        "text": "บ้านเฮง",
        "meta": "@Location",
        "alias": "location",
        "userDefined": true
      },
      {
        "text": "หน่อย",
        "userDefined": false
      }
    ],
    "isTemplate": false,
    "count": 0,
    "lang": "th",
    "updated": 0
  },
  {
    "id": "c105f98d-e9df-468d-9a22-1b28e229247e",
    "data": [
      {
        "text": "มี",
        "userDefined": false
      },
      {
        "text": "ข้อมูลเพิ่มเติม",
        "meta": "@description",
        "alias": "description",
        "userDefined": true
      },
      {
        "text": "ไหม",
        "userDefined": false
      },
      {
        "text": "เกี่ยวกับ",
        "meta": "@description",
        "alias": "description",
        "userDefined": true
      },
      {
        "text": "สวนน้ำไดโนวอเตอร์ปาร์ค",
        "meta": "@Location",
        "alias": "location",
        "userDefined": true
      }
    ],
    "isTemplate": false,
    "count": 0,
    "lang": "th",
    "updated": 0
  },
  {
    "id": "e479cbab-09bf-4724-b35c-8f7ecabf8ad1",
    "data": [
      {
        "text": "อยากรู้",
        "userDefined": false
      },
      {
        "text": "ข้อมูล",
        "meta": "@description",
        "alias": "description",
        "userDefined": true
      },
      {
        "text": "เกี่ยวกับ",
        "meta": "@description",
        "alias": "description",
        "userDefined": true
      },
      {
        "text": "บางแสน 2",
        "meta": "@Location",
        "alias": "location",
        "userDefined": true
      }
    ],
    "isTemplate": false,
    "count": 0,
    "lang": "th",
    "updated": 0
  },
  {
    "id": "ce34dc2b-00d4-4465-8ece-986d497821d3",
    "data": [
      {
        "text": "มีอะไรที่ควรรู้",
        "meta": "@description",
        "alias": "description",
        "userDefined": true
      },
      {
        "text": "เกี่ยวกับ",
        "meta": "@description",
        "alias": "description",
        "userDefined": true
      },
      {
        "text": "จุดชมวิวหนองสมอ",
        "meta": "@Location",
        "alias": "location",
        "userDefined": true
      },
      {
        "text": "บ้าง",
        "userDefined": false
      }
    ],
    "isTemplate": false,
    "count": 0,
    "lang": "th",
    "updated": 0
  },
  {
    "id": "aeb367ce-6ec5-4bca-ba25-587a325ee8c3",
    "data": [
      {
        "text": "ช่วยบอก",
        "userDefined": false
      },
      {
        "text": "เนื้อหา",
        "meta": "@description",
        "alias": "description",
        "userDefined": true
      },
      {
        "text": "เกี่ยวกับ",
        "meta": "@description",
        "alias": "description",
        "userDefined": true
      },
      {
        "text": "พระมหาธาตุแก่นนคร",
        "meta": "@Location",
        "alias": "location",
        "userDefined": true
      },
      {
        "text": "หน่อย",
        "userDefined": false
      }
    ],
    "isTemplate": false,
    "count": 0,
    "lang": "th",
    "updated": 0
  },
  {
    "id": "4515f32f-d95f-45bb-bffa-51367d806980",
    "data": [
      {
        "text": "รายละเอียดเพิ่มเติม",
        "meta": "@description",
        "alias": "description",
        "userDefined": true
      },
      {
        "text": "ของ",
        "userDefined": false
      },
      {
        "text": "น้ำผุดตาดเต่า",
        "meta": "@Location",
        "alias": "location",
        "userDefined": true
      },
      {
        "text": "คืออะไร",
        "userDefined": false
      }
    ],
    "isTemplate": false,
    "count": 0,
    "lang": "th",
    "updated": 0
  },
  {
    "id": "ae553b70-fcc8-4203-a49e-f0d1374312f0",
    "data": [
      {
        "text": "มี",
        "userDefined": false
      },
      {
        "text": "รีวิว",
        "meta": "@description",
        "alias": "description",
        "userDefined": true
      },
      {
        "text": "เอ็กโซติค",
        "meta": "@Location",
        "alias": "location",
        "userDefined": true
      },
      {
        "text": "แนะนำมั้ย",
        "userDefined": false
      }
    ],
    "isTemplate": false,
    "count": 0,
    "lang": "th",
    "updated": 0
  },
  {
    "id": "fffa2e57-556c-4c0b-8f2b-5d3ee29d7b58",
    "data": [
      {
        "text": "Blue Lagoon ภูผาม่าน",
        "meta": "@Location",
        "alias": "location",
        "userDefined": true
      },
      {
        "text": "เป็นยังไง",
        "meta": "@description",
        "alias": "description",
        "userDefined": true
      },
      {
        "text": "บ้าง",
        "userDefined": false
      }
    ],
    "isTemplate": false,
    "count": 0,
    "lang": "th",
    "updated": 0
  },
  {
    "id": "476716df-230f-42a0-bc2b-00eb0487dccd",
    "data": [
      {
        "text": "มี",
        "userDefined": false
      },
      {
        "text": "คำแนะนำ",
        "meta": "@description",
        "alias": "description",
        "userDefined": true
      },
      {
        "text": "เกี่ยวกับ",
        "meta": "@description",
        "alias": "description",
        "userDefined": true
      },
      {
        "text": "วัดถ้ำผาเกิ้ง",
        "meta": "@Location",
        "alias": "location",
        "userDefined": true
      },
      {
        "text": "ไหม",
        "userDefined": false
      }
    ],
    "isTemplate": false,
    "count": 0,
    "lang": "th",
    "updated": 0
  },
  {
    "id": "46088d81-8c10-4006-a2cf-3b7d8e2cb6a8",
    "data": [
      {
        "text": "อยากรู้",
        "userDefined": false
      },
      {
        "text": "เนื้อหาเพิ่มเติม",
        "meta": "@description",
        "alias": "description",
        "userDefined": true
      },
      {
        "text": "เกี่ยวกับ",
        "meta": "@description",
        "alias": "description",
        "userDefined": true
      },
      {
        "text": "ปราสาทเปือยน้อย",
        "meta": "@Location",
        "alias": "location",
        "userDefined": true
      }
    ],
    "isTemplate": false,
    "count": 0,
    "lang": "th",
    "updated": 0
  },
  {
    "id": "3608bf39-1ebd-4213-bad2-976ba2886193",
    "data": [
      {
        "text": "ป่าสนดงลาน",
        "meta": "@Location",
        "alias": "location",
        "userDefined": true
      },
      {
        "text": "มี",
        "userDefined": false
      },
      {
        "text": "ความเป็นมา",
        "meta": "@description",
        "alias": "description",
        "userDefined": true
      },
      {
        "text": "ยังไง",
        "userDefined": false
      }
    ],
    "isTemplate": false,
    "count": 0,
    "lang": "th",
    "updated": 0
  },
  {
    "id": "7af6b693-33a7-46ed-8bf2-16f88f3d831f",
    "data": [
      {
        "text": "มี",
        "userDefined": false
      },
      {
        "text": "คำอธิบาย",
        "meta": "@description",
        "alias": "description",
        "userDefined": true
      },
      {
        "text": "อะไรเพิ่มเติม",
        "userDefined": false
      },
      {
        "text": "เกี่ยวกับ",
        "meta": "@description",
        "alias": "description",
        "userDefined": true
      },
      {
        "text": "ล่องแพห้วยม่วง",
        "meta": "@Location",
        "alias": "location",
        "userDefined": true
      },
      {
        "text": "มั้ย",
        "userDefined": false
      }
    ],
    "isTemplate": false,
    "count": 0,
    "lang": "th",
    "updated": 0
  },
  {
    "id": "474a235c-6700-46eb-b869-a5904ada0eb5",
    "data": [
      {
        "text": "ข้อมูล",
        "meta": "@description",
        "alias": "description",
        "userDefined": true
      },
      {
        "text": "เกี่ยวกับ",
        "meta": "@description",
        "alias": "description",
        "userDefined": true
      },
      {
        "text": "น้ำตกบ๋าหลวง",
        "meta": "@Location",
        "alias": "location",
        "userDefined": true
      },
      {
        "text": "มีอะไรบ้าง",
        "userDefined": false
      }
    ],
    "isTemplate": false,
    "count": 0,
    "lang": "th",
    "updated": 0
  },
  {
    "id": "98de5323-3409-4b5b-8b3c-42b70a8d32aa",
    "data": [
      {
        "text": "ช่วย",
        "userDefined": false
      },
      {
        "text": "เล่า",
        "meta": "@description",
        "alias": "description",
        "userDefined": true
      },
      {
        "text": "เกี่ยวกับ",
        "meta": "@description",
        "alias": "description",
        "userDefined": true
      },
      {
        "text": "แฟรี่พลาซ่า",
        "meta": "@Location",
        "alias": "location",
        "userDefined": true
      },
      {
        "text": "ให้ฟังหน่อย",
        "userDefined": false
      }
    ],
    "isTemplate": false,
    "count": 0,
    "lang": "th",
    "updated": 0
  },
  {
    "id": "1c5047df-c5c1-4c91-90b5-516531538834",
    "data": [
      {
        "text": "มีอะไรพิเศษ",
        "meta": "@description",
        "alias": "description",
        "userDefined": true
      },
      {
        "text": "เกี่ยวกับ",
        "meta": "@description",
        "alias": "description",
        "userDefined": true
      },
      {
        "text": "เซ็นทรัลพลาซ่าขอนแก่น",
        "meta": "@Location",
        "alias": "location",
        "userDefined": true
      },
      {
        "text": "มั้ย",
        "userDefined": false
      }
    ],
    "isTemplate": false,
    "count": 0,
    "lang": "th",
    "updated": 0
  },
  {
    "id": "9c0c3203-a3ab-4722-8713-36787b33f208",
    "data": [
      {
        "text": "มี",
        "userDefined": false
      },
      {
        "text": "รีวิว",
        "meta": "@description",
        "alias": "description",
        "userDefined": true
      },
      {
        "text": "ที่",
        "userDefined": false
      },
      {
        "text": "น่าสนใจ",
        "meta": "@description",
        "alias": "description",
        "userDefined": true
      },
      {
        "text": "เกี่ยวกับ",
        "meta": "@description",
        "alias": "description",
        "userDefined": true
      },
      {
        "text": "ร้าน",
        "userDefined": false
      },
      {
        "text": "ประชาสโมสร",
        "meta": "@Location",
        "alias": "location",
        "userDefined": true
      },
      {
        "text": "บ้างมั้ย",
        "userDefined": false
      }
    ],
    "isTemplate": false,
    "count": 0,
    "lang": "th",
    "updated": 0
  },
  {
    "id": "91863c62-e22a-47e2-9f36-ef6f87645616",
    "data": [
      {
        "text": "รายละเอียด",
        "meta": "@description",
        "alias": "description",
        "userDefined": true
      },
      {
        "text": "ของ",
        "userDefined": false
      },
      {
        "text": "วัดป่าแสงอรุณ",
        "meta": "@Location",
        "alias": "location",
        "userDefined": true
      },
      {
        "text": "มีอะไรบ้าง",
        "userDefined": false
      }
    ],
    "isTemplate": false,
    "count": 0,
    "lang": "th",
    "updated": 0
  },
  {
    "id": "89613c22-bc05-40ab-a2b5-44b85fe7494b",
    "data": [
      {
        "text": "อยากรู้",
        "userDefined": false
      },
      {
        "text": "ข้อมูลลึกๆ",
        "meta": "@description",
        "alias": "description",
        "userDefined": true
      },
      {
        "text": " ",
        "userDefined": false
      },
      {
        "text": "เกี่ยวกับ",
        "meta": "@description",
        "alias": "description",
        "userDefined": true
      },
      {
        "text": "เทวาลัยศิวะมหาเทพ",
        "meta": "@Location",
        "alias": "location",
        "userDefined": true
      }
    ],
    "isTemplate": false,
    "count": 0,
    "lang": "th",
    "updated": 0
  },
  {
    "id": "2897fe0c-435f-4872-ba1a-c326b4466dac",
    "data": [
      {
        "text": "สวนน้ำสวนสัตว์ขอนแก่น",
        "meta": "@Location",
        "alias": "location",
        "userDefined": true
      },
      {
        "text": "เหมาะกับ",
        "meta": "@description",
        "alias": "description",
        "userDefined": true
      },
      {
        "text": "ใคร",
        "userDefined": false
      }
    ],
    "isTemplate": false,
    "count": 0,
    "lang": "th",
    "updated": 0
  },
  {
    "id": "07621ebd-017b-49d5-b990-f6ea2406ac35",
    "data": [
      {
        "text": "มี",
        "userDefined": false
      },
      {
        "text": "เนื้อหาเพิ่มเติม",
        "meta": "@description",
        "alias": "description",
        "userDefined": true
      },
      {
        "text": "ไหม",
        "userDefined": false
      },
      {
        "text": "เกี่ยวกับ",
        "meta": "@description",
        "alias": "description",
        "userDefined": true
      },
      {
        "text": "ร้าน",
        "userDefined": false
      },
      {
        "text": "ไก่ย่างระเบียบ",
        "meta": "@Location",
        "alias": "location",
        "userDefined": true
      }
    ],
    "isTemplate": false,
    "count": 0,
    "lang": "th",
    "updated": 0
  },
  {
    "id": "e3251349-7dc8-4731-8af5-dee86f087a71",
    "data": [
      {
        "text": "รีวิว",
        "meta": "@description",
        "alias": "description",
        "userDefined": true
      },
      {
        "text": "ของ",
        "userDefined": false
      },
      {
        "text": "เฝอท่าบ่อ",
        "meta": "@Location",
        "alias": "location",
        "userDefined": true
      },
      {
        "text": "เป็นยังไง",
        "meta": "@description",
        "alias": "description",
        "userDefined": true
      }
    ],
    "isTemplate": false,
    "count": 0,
    "lang": "th",
    "updated": 0
  },
  {
    "id": "b991d870-c0e7-43ab-b521-a84d177d4402",
    "data": [
      {
        "text": "มีใคร",
        "userDefined": false
      },
      {
        "text": "แนะนำ",
        "meta": "@description",
        "alias": "description",
        "userDefined": true
      },
      {
        "text": "ร้าน",
        "userDefined": false
      },
      {
        "text": "ดับเบิ้ล ยู คาเฟ่",
        "meta": "@Location",
        "alias": "location",
        "userDefined": true
      },
      {
        "text": "มั้ย",
        "userDefined": false
      }
    ],
    "isTemplate": false,
    "count": 0,
    "lang": "th",
    "updated": 0
  },
  {
    "id": "f9b49125-ba70-4d39-a286-1c1b4cbac895",
    "data": [
      {
        "text": "อยากรู้",
        "userDefined": false
      },
      {
        "text": "ข้อมูลเชิงลึก",
        "meta": "@description",
        "alias": "description",
        "userDefined": true
      },
      {
        "text": "เกี่ยวกับ",
        "meta": "@description",
        "alias": "description",
        "userDefined": true
      },
      {
        "text": "ร้าน",
        "userDefined": false
      },
      {
        "text": "ตำกระเทย สาเกต",
        "meta": "@Location",
        "alias": "location",
        "userDefined": true
      }
    ],
    "isTemplate": false,
    "count": 0,
    "lang": "th",
    "updated": 0
  },
  {
    "id": "ed27fde4-7541-498b-8d67-4f2feabcfef7",
    "data": [
      {
        "text": "ช่วย",
        "userDefined": false
      },
      {
        "text": "อธิบาย",
        "meta": "@description",
        "alias": "description",
        "userDefined": true
      },
      {
        "text": "สิ่งที่",
        "userDefined": false
      },
      {
        "text": "น่าสนใจ",
        "meta": "@description",
        "alias": "description",
        "userDefined": true
      },
      {
        "text": "เกี่ยวกับ",
        "meta": "@description",
        "alias": "description",
        "userDefined": true
      },
      {
        "text": "ร้าน",
        "userDefined": false
      },
      {
        "text": "ไก่ย่างวรรณา",
        "meta": "@Location",
        "alias": "location",
        "userDefined": true
      },
      {
        "text": "หน่อย",
        "userDefined": false
      }
    ],
    "isTemplate": false,
    "count": 0,
    "lang": "th",
    "updated": 0
  },
  {
    "id": "0e03c3be-654d-4a0b-b11b-5bfb6463f12d",
    "data": [
      {
        "text": "มี",
        "userDefined": false
      },
      {
        "text": "รีวิวที่ดีๆ",
        "meta": "@description",
        "alias": "description",
        "userDefined": true
      },
      {
        "text": " ",
        "userDefined": false
      },
      {
        "text": "เกี่ยวกับ",
        "meta": "@description",
        "alias": "description",
        "userDefined": true
      },
      {
        "text": "ร้าน",
        "userDefined": false
      },
      {
        "text": "ดับเบิ้ล ยู คาเฟ่",
        "meta": "@Location",
        "alias": "location",
        "userDefined": true
      },
      {
        "text": "ไหม",
        "userDefined": false
      }
    ],
    "isTemplate": false,
    "count": 0,
    "lang": "th",
    "updated": 0
  },
  {
    "id": "a98b4bbd-b4e6-4688-b067-ab0789bbdc98",
    "data": [
      {
        "text": "ร้าน",
        "userDefined": false
      },
      {
        "text": "มีกินฟาร์ม",
        "meta": "@Location",
        "alias": "location",
        "userDefined": true
      },
      {
        "text": " มี",
        "userDefined": false
      },
      {
        "text": "จุดเด่น",
        "meta": "@description",
        "alias": "description",
        "userDefined": true
      },
      {
        "text": "อะไรบ้าง",
        "userDefined": false
      }
    ],
    "isTemplate": false,
    "count": 0,
    "lang": "th",
    "updated": 0
  },
  {
    "id": "7b67ee97-c62d-4a05-a31c-5fbb6ae14ea9",
    "data": [
      {
        "text": "มีรายละเอียด",
        "userDefined": false
      },
      {
        "text": "เกี่ยวกับ",
        "meta": "@description",
        "alias": "description",
        "userDefined": true
      },
      {
        "text": "ร้าน",
        "userDefined": false
      },
      {
        "text": "สุขใจแลนด์",
        "meta": "@Location",
        "alias": "location",
        "userDefined": true
      },
      {
        "text": "ที่ควรรู้มั้ย",
        "userDefined": false
      }
    ],
    "isTemplate": false,
    "count": 0,
    "lang": "th",
    "updated": 0
  },
  {
    "id": "3e702f80-bd88-436a-9d71-d75aa4d696e7",
    "data": [
      {
        "text": "ขอ",
        "userDefined": false
      },
      {
        "text": "คำแนะนำ",
        "meta": "@description",
        "alias": "description",
        "userDefined": true
      },
      {
        "text": "เกี่ยวกับ",
        "meta": "@description",
        "alias": "description",
        "userDefined": true
      },
      {
        "text": "ร้าน ",
        "userDefined": false
      },
      {
        "text": "Garden Cafe",
        "meta": "@Location",
        "alias": "location",
        "userDefined": true
      }
    ],
    "isTemplate": false,
    "count": 0,
    "lang": "th",
    "updated": 0
  },
  {
    "id": "f284e4da-c1a3-4790-a8db-e83bc7e4c429",
    "data": [
      {
        "text": "ฟ้าสาง",
        "meta": "@Location",
        "alias": "location",
        "userDefined": true
      },
      {
        "text": "มี",
        "userDefined": false
      },
      {
        "text": "ประวัติ",
        "meta": "@description",
        "alias": "description",
        "userDefined": true
      },
      {
        "text": "อะไรที่",
        "userDefined": false
      },
      {
        "text": "น่าสนใจ",
        "meta": "@description",
        "alias": "description",
        "userDefined": true
      }
    ],
    "isTemplate": false,
    "count": 0,
    "lang": "th",
    "updated": 0
  },
  {
    "id": "9532f6b5-931b-4d97-b8d7-8b8f736e697e",
    "data": [
      {
        "text": "อยากรู้",
        "userDefined": false
      },
      {
        "text": "รายละเอียด",
        "meta": "@description",
        "alias": "description",
        "userDefined": true
      },
      {
        "text": "แบบเจาะลึกของร้าน",
        "userDefined": false
      },
      {
        "text": "คัม",
        "meta": "@Location",
        "alias": "location",
        "userDefined": true
      }
    ],
    "isTemplate": false,
    "count": 0,
    "lang": "th",
    "updated": 0
  },
  {
    "id": "39ddb970-e353-47c1-9447-5d7c9dacb68a",
    "data": [
      {
        "text": "มี",
        "userDefined": false
      },
      {
        "text": "คำอธิบายเพิ่มเติม",
        "meta": "@description",
        "alias": "description",
        "userDefined": true
      },
      {
        "text": "เกี่ยวกับ",
        "meta": "@description",
        "alias": "description",
        "userDefined": true
      },
      {
        "text": "ร้าน",
        "userDefined": false
      },
      {
        "text": "ชิวเล้า",
        "meta": "@Location",
        "alias": "location",
        "userDefined": true
      },
      {
        "text": "ไหม",
        "userDefined": false
      }
    ],
    "isTemplate": false,
    "count": 0,
    "lang": "th",
    "updated": 0
  },
  {
    "id": "9a8e78a2-8327-45ec-907c-1b47ae7858d0",
    "data": [
      {
        "text": "ร้าน",
        "userDefined": false
      },
      {
        "text": "โอชิเน ขอนแก่น",
        "meta": "@Location",
        "alias": "location",
        "userDefined": true
      },
      {
        "text": "มี",
        "userDefined": false
      },
      {
        "text": "อะไรที่ต้องรู้",
        "meta": "@description",
        "alias": "description",
        "userDefined": true
      },
      {
        "text": "ก่อนจะไปมั้ย",
        "userDefined": false
      }
    ],
    "isTemplate": false,
    "count": 0,
    "lang": "th",
    "updated": 0
  }
]