[
  {
    "id": "619478ec-c04b-4408-a48c-3d6b17a53276",
    "data": [
      {
        "text": "ร้านอาหารในเมืองขอนแก่นที่อร่อยมีอะไร",
        "userDefined": false
      }
    ],
    "isTemplate": false,
    "count": 0,
    "lang": "th",
    "updated": 0
  },
  {
    "id": "bddb7a09-66a0-424a-bd87-0110e5eb98a8",
    "data": [
      {
        "text": "มีร้านอาหารวิวดีในเมืองขอนแก่นไหม",
        "userDefined": false
      }
    ],
    "isTemplate": false,
    "count": 0,
    "lang": "th",
    "updated": 0
  },
  {
    "id": "297d74ee-3f13-4136-b9fc-2206647f8ee4",
    "data": [
      {
        "text": "ในเมืองขอนแก่นมีร้านที่เหมาะกับครอบครัวไหม",
        "userDefined": false
      }
    ],
    "isTemplate": false,
    "count": 0,
    "lang": "th",
    "updated": 0
  },
  {
    "id": "e61b8cde-5e88-430b-a61f-8a5fa63e0e6b",
    "data": [
      {
        "text": "ร้านอาหารในเมืองขอนแก่นที่เปิดดึกมีไหม",
        "userDefined": false
      }
    ],
    "isTemplate": false,
    "count": 0,
    "lang": "th",
    "updated": 0
  },
  {
    "id": "08e6f3a3-a551-427f-9dd2-eb22af06a8de",
    "data": [
      {
        "text": "ช่วยบอกชื่อร้านดังในเมืองขอนแก่น",
        "userDefined": false
      }
    ],
    "isTemplate": false,
    "count": 0,
    "lang": "th",
    "updated": 0
  },
  {
    "id": "a816f3fb-6f13-45ae-b9ff-8e9a3d2f4165",
    "data": [
      {
        "text": "ร้านอาหารในเมืองขอนแก่นที่คนชอบมีอะไร",
        "userDefined": false
      }
    ],
    "isTemplate": false,
    "count": 0,
    "lang": "th",
    "updated": 0
  },
  {
    "id": "32959937-a45e-4ef7-93db-6add73d980a0",
    "data": [
      {
        "text": "ร้านอาหารในเมืองขอนแก่นที่เหมาะกับการไปเดทคือร้านไหน",
        "userDefined": false
      }
    ],
    "isTemplate": false,
    "count": 0,
    "lang": "th",
    "updated": 0
  },
  {
    "id": "9383c397-bbb7-4741-9207-99568e6b4ea6",
    "data": [
      {
        "text": "ช่วยแนะนำร้านอาหารที่น่าสนใจในเมืองขอนแก่น",
        "userDefined": false
      }
    ],
    "isTemplate": false,
    "count": 0,
    "lang": "th",
    "updated": 0
  },
  {
    "id": "df518966-c943-4073-b15c-20f5afa35d7d",
    "data": [
      {
        "text": "ขอนแก่นมีร้านอาหารในเมืองขอนแก่นที่มีอาหารเพื่อสุขภาพไหม",
        "userDefined": false
      }
    ],
    "isTemplate": false,
    "count": 0,
    "lang": "th",
    "updated": 0
  },
  {
    "id": "e9f96081-22c4-447d-93a8-be4bfd790f17",
    "data": [
      {
        "text": "ร้านไหนในเมืองขอนแก่นที่เหมาะกับการสังสรรค์",
        "userDefined": false
      }
    ],
    "isTemplate": false,
    "count": 0,
    "lang": "th",
    "updated": 0
  },
  {
    "id": "c7b37e44-7bc0-4116-b500-6c597c4f3924",
    "data": [
      {
        "text": "มีร้านอาหารในเมืองขอนแก่นที่เหมาะกับมังสวิรัติไหม",
        "userDefined": false
      }
    ],
    "isTemplate": false,
    "count": 1,
    "lang": "th",
    "updated": 0
  },
  {
    "id": "418607b3-83c3-4b1f-9a32-ecc6f31dff41",
    "data": [
      {
        "text": "ช่วยแนะนำร้านอาหารในเมืองขอนแก่นสำหรับมื้อเย็น",
        "userDefined": false
      }
    ],
    "isTemplate": false,
    "count": 0,
    "lang": "th",
    "updated": 0
  },
  {
    "id": "8ef32fcd-a326-4420-a550-21899c8e9117",
    "data": [
      {
        "text": "ในเมืองขอนแก่นมีร้านอาหารที่มีที่จอดรถสะดวกไหม",
        "userDefined": false
      }
    ],
    "isTemplate": false,
    "count": 0,
    "lang": "th",
    "updated": 0
  },
  {
    "id": "098fa707-2e9f-4bc6-a660-422f031da2a1",
    "data": [
      {
        "text": "ร้านอาหารในเมืองขอนแก่นที่เหมาะกับนักศึกษามีอะไร",
        "userDefined": false
      }
    ],
    "isTemplate": false,
    "count": 0,
    "lang": "th",
    "updated": 0
  },
  {
    "id": "fd7bb643-7468-48be-8819-6e7dec7d67c8",
    "data": [
      {
        "text": "ร้านไหนในเมืองขอนแก่นที่มีเมนูหลากหลาย",
        "userDefined": false
      }
    ],
    "isTemplate": false,
    "count": 0,
    "lang": "th",
    "updated": 0
  },
  {
    "id": "4819e609-76b8-4801-bc67-79df45202944",
    "data": [
      {
        "text": "ร้านอาหารในเมืองขอนแก่นที่คนแชร์เยอะในโซเชียลคือร้านไหน",
        "userDefined": false
      }
    ],
    "isTemplate": false,
    "count": 0,
    "lang": "th",
    "updated": 0
  },
  {
    "id": "a04cf14b-2fcf-464f-af62-1a678ae7cb3a",
    "data": [
      {
        "text": "ช่วยบอกชื่อร้านอาหารในเมืองขอนแก่นที่มีอาหารทะเล",
        "userDefined": false
      }
    ],
    "isTemplate": false,
    "count": 0,
    "lang": "th",
    "updated": 0
  },
  {
    "id": "f3fe2ade-69d0-4906-a43c-af9d4cf42e07",
    "data": [
      {
        "text": "อยากรู้ว่าร้านอาหารในเมืองขอนแก่นร้านไหนน่าไป",
        "userDefined": false
      }
    ],
    "isTemplate": false,
    "count": 0,
    "lang": "th",
    "updated": 0
  },
  {
    "id": "188e18ce-32b0-4d90-9449-d821be77a92a",
    "data": [
      {
        "text": "ร้านไหนในเมืองขอนแก่นที่เหมาะกับการกินเลี้ยงใหญ่",
        "userDefined": false
      }
    ],
    "isTemplate": false,
    "count": 0,
    "lang": "th",
    "updated": 0
  },
  {
    "id": "4dca8fab-0466-4856-abb1-d7f0ab9020be",
    "data": [
      {
        "text": "มีร้านอาหารในเมืองขอนแก่นที่เหมาะกับการถ่ายรูปไหม",
        "userDefined": false
      }
    ],
    "isTemplate": false,
    "count": 0,
    "lang": "th",
    "updated": 0
  },
  {
    "id": "8553cda5-b61a-4106-9fcf-8ff386e543f8",
    "data": [
      {
        "text": "ร้านอาหารในเมืองขอนแก่นที่เปิดดึกและน่านั่งมีไหม",
        "userDefined": false
      }
    ],
    "isTemplate": false,
    "count": 0,
    "lang": "th",
    "updated": 0
  },
  {
    "id": "e422fa61-ae6d-4852-89a8-6a5e71ecf6a6",
    "data": [
      {
        "text": "ในเมืองขอนแก่นมีร้านอาหารที่เน้นอาหารญี่ปุ่นไหม",
        "userDefined": false
      }
    ],
    "isTemplate": false,
    "count": 0,
    "lang": "th",
    "updated": 0
  },
  {
    "id": "59cb5310-5a30-4693-89b7-c497faedf520",
    "data": [
      {
        "text": "ร้านอาหารในเมืองขอนแก่นที่เหมาะกับเด็กมีอะไร",
        "userDefined": false
      }
    ],
    "isTemplate": false,
    "count": 0,
    "lang": "th",
    "updated": 0
  },
  {
    "id": "d51c10cd-2881-4802-ab3b-f189cccd0f5c",
    "data": [
      {
        "text": "มีร้านอาหารในเมืองขอนแก่นที่มีโปรโมชันตอนนี้ไหม",
        "userDefined": false
      }
    ],
    "isTemplate": false,
    "count": 0,
    "lang": "th",
    "updated": 0
  },
  {
    "id": "e3a83857-54fe-4bba-b6d8-5bde9f943b87",
    "data": [
      {
        "text": "ร้านอาหารในเมืองขอนแก่นที่ขายอาหารอีสานมีไหม",
        "userDefined": false
      }
    ],
    "isTemplate": false,
    "count": 0,
    "lang": "th",
    "updated": 0
  },
  {
    "id": "936fce16-f21d-4745-bbae-e080b31e8f23",
    "data": [
      {
        "text": "ในเมืองขอนแก่นมีร้านอาหารที่เหมาะสำหรับการจัดเลี้ยงไหม",
        "userDefined": false
      }
    ],
    "isTemplate": false,
    "count": 0,
    "lang": "th",
    "updated": 0
  },
  {
    "id": "5bb0769a-8b10-44a8-bfe1-03726a0319c5",
    "data": [
      {
        "text": "ช่วยแนะนำร้านอาหารในเมืองขอนแก่นที่เปิดใหม่",
        "userDefined": false
      }
    ],
    "isTemplate": false,
    "count": 0,
    "lang": "th",
    "updated": 0
  },
  {
    "id": "7ee4265e-c5ae-4500-96bc-7012411f953e",
    "data": [
      {
        "text": "มีร้านอาหารในเมืองขอนแก่นที่เน้นอาหารไทยไหม",
        "userDefined": false
      }
    ],
    "isTemplate": false,
    "count": 0,
    "lang": "th",
    "updated": 0
  },
  {
    "id": "3a47d438-e878-4b26-b454-384b1ce047c9",
    "data": [
      {
        "text": "ร้านอาหารกลางวันในเมืองขอนแก่นมีอะไรแนะนำ",
        "userDefined": false
      }
    ],
    "isTemplate": false,
    "count": 0,
    "lang": "th",
    "updated": 0
  },
  {
    "id": "371a415a-3a08-4d95-bec5-e64965524e7d",
    "data": [
      {
        "text": "ร้านอาหารในเมืองขอนแก่นที่เหมาะกับกลุ่มเพื่อนมีที่ไหน",
        "userDefined": false
      }
    ],
    "isTemplate": false,
    "count": 0,
    "lang": "th",
    "updated": 0
  },
  {
    "id": "bf3a699f-c0a0-4a4d-b025-c0e399fd1a24",
    "data": [
      {
        "text": "ช่วยบอกชื่อร้านอาหารเด่นในเมืองขอนแก่น",
        "userDefined": false
      }
    ],
    "isTemplate": false,
    "count": 0,
    "lang": "th",
    "updated": 0
  },
  {
    "id": "cbe2f0a9-a4fa-4b06-97d1-dca3699c55e2",
    "data": [
      {
        "text": "ในเมืองขอนแก่นมีร้านอาหารที่เปิดเช้าไหม",
        "userDefined": false
      }
    ],
    "isTemplate": false,
    "count": 0,
    "lang": "th",
    "updated": 0
  },
  {
    "id": "aa222b5d-ac35-4870-a9a7-f89ad87721ad",
    "data": [
      {
        "text": "ร้านอาหารอร่อยในเมืองขอนแก่นแนะนำที",
        "userDefined": false
      }
    ],
    "isTemplate": false,
    "count": 0,
    "lang": "th",
    "updated": 0
  },
  {
    "id": "374f3a91-333b-4eb0-8ffb-69a9729eea9d",
    "data": [
      {
        "text": "มีร้านอาหารในเมืองขอนแก่นที่เหมาะกับคู่รักไหม",
        "userDefined": false
      }
    ],
    "isTemplate": false,
    "count": 0,
    "lang": "th",
    "updated": 0
  },
  {
    "id": "5edf8de7-30fb-468a-9870-e8543900f8a3",
    "data": [
      {
        "text": "อยากได้ร้านอาหารในเมืองขอนแก่นที่วิวสวย",
        "userDefined": false
      }
    ],
    "isTemplate": false,
    "count": 0,
    "lang": "th",
    "updated": 0
  },
  {
    "id": "28e8a021-4c9f-4f49-8266-f459bdd6fc90",
    "data": [
      {
        "text": "ร้านอาหารในเมืองขอนแก่นที่คนรีวิวดีมีอะไรบ้าง",
        "userDefined": false
      }
    ],
    "isTemplate": false,
    "count": 0,
    "lang": "th",
    "updated": 0
  },
  {
    "id": "cffdebcd-865e-4377-802e-8acaae05f51b",
    "data": [
      {
        "text": "มีร้านอาหารในเมืองขอนแก่นที่ราคาไม่แพงไหม",
        "userDefined": false
      }
    ],
    "isTemplate": false,
    "count": 0,
    "lang": "th",
    "updated": 0
  },
  {
    "id": "a21cab78-e470-4704-98d5-dbf1b0620da1",
    "data": [
      {
        "text": "ขอนแก่นมีร้านอาหารใหม่ในเมืองไหม",
        "userDefined": false
      }
    ],
    "isTemplate": false,
    "count": 0,
    "lang": "th",
    "updated": 0
  },
  {
    "id": "81e9bd55-4c53-48ab-b3cb-65d8e8f797b6",
    "data": [
      {
        "text": "ร้านอาหารในเมืองขอนแก่นที่เหมาะกับครอบครัวมีไหม",
        "userDefined": false
      }
    ],
    "isTemplate": false,
    "count": 0,
    "lang": "th",
    "updated": 0
  },
  {
    "id": "b47ca032-0c54-4981-af56-4335996e56d0",
    "data": [
      {
        "text": "ร้านอาหารที่คนนิยมในเมืองขอนแก่นคือร้านอะไร",
        "userDefined": false
      }
    ],
    "isTemplate": false,
    "count": 0,
    "lang": "th",
    "updated": 0
  },
  {
    "id": "cddf1458-0312-467a-b2d5-9fef50f41678",
    "data": [
      {
        "text": "มีร้านอาหารในเมืองขอนแก่นที่บรรยากาศดีไหม",
        "userDefined": false
      }
    ],
    "isTemplate": false,
    "count": 0,
    "lang": "th",
    "updated": 0
  },
  {
    "id": "a2539d3b-10f6-4e5b-bf89-57d8cfd9e8b7",
    "data": [
      {
        "text": "ช่วยบอกชื่อร้านอาหารดังในเมืองขอนแก่น",
        "userDefined": false
      }
    ],
    "isTemplate": false,
    "count": 0,
    "lang": "th",
    "updated": 0
  },
  {
    "id": "437c5a17-bcb0-45aa-bcd4-587aa68e2477",
    "data": [
      {
        "text": "ร้านไหนในเมืองขอนแก่นเปิดดึกบ้าง",
        "userDefined": false
      }
    ],
    "isTemplate": false,
    "count": 0,
    "lang": "th",
    "updated": 0
  },
  {
    "id": "13718474-2c15-4319-b165-11f1bb592fc7",
    "data": [
      {
        "text": "ในเมืองขอนแก่นมีร้านอาหารอร่อยไหม",
        "userDefined": false
      }
    ],
    "isTemplate": false,
    "count": 0,
    "lang": "th",
    "updated": 0
  },
  {
    "id": "8d5ba0d7-0b1b-4f35-8a9f-fe04c8539db4",
    "data": [
      {
        "text": "ร้านอาหารในตัวเมืองขอนแก่นมีอะไรเด่น",
        "userDefined": false
      }
    ],
    "isTemplate": false,
    "count": 0,
    "lang": "th",
    "updated": 0
  },
  {
    "id": "92962f63-5cd8-4c26-92c7-77db26c4a3a5",
    "data": [
      {
        "text": "ร้านไหนในเมืองขอนแก่นที่คนชอบไป",
        "userDefined": false
      }
    ],
    "isTemplate": false,
    "count": 0,
    "lang": "th",
    "updated": 0
  },
  {
    "id": "06ae4e0f-0e7b-496b-a052-2b1358e43996",
    "data": [
      {
        "text": "อยากรู้ว่าร้านอาหารในเมืองขอนแก่นร้านไหนดี",
        "userDefined": false
      }
    ],
    "isTemplate": false,
    "count": 0,
    "lang": "th",
    "updated": 0
  },
  {
    "id": "f4e1c5f9-d464-44ca-a13c-d5c086acbaef",
    "data": [
      {
        "text": "มีร้านอาหารในเมืองขอนแก่นแนะนำไหม",
        "userDefined": false
      }
    ],
    "isTemplate": false,
    "count": 0,
    "lang": "th",
    "updated": 0
  },
  {
    "id": "7a8d47ba-e41a-4a0f-a2dd-9f7fdc77f592",
    "data": [
      {
        "text": "ในเมืองขอนแก่นมีร้านอาหารยอดนิยมอะไรบ้าง",
        "userDefined": false
      }
    ],
    "isTemplate": false,
    "count": 0,
    "lang": "th",
    "updated": 0
  },
  {
    "id": "65f1b03c-7df6-4f56-ad3a-17ccd6d81a48",
    "data": [
      {
        "text": "ร้านอาหารดังในเมืองขอนแก่นคืออะไร",
        "userDefined": false
      }
    ],
    "isTemplate": false,
    "count": 0,
    "lang": "th",
    "updated": 0
  },
  {
    "id": "246c26ef-298f-4479-b4d5-98a1a7c6f541",
    "data": [
      {
        "text": "ร้านอาหารในเมือง",
        "userDefined": false
      }
    ],
    "isTemplate": false,
    "count": 0,
    "lang": "th",
    "updated": 0
  },
  {
    "id": "75135339-8cf5-4553-afde-64af6ca0fb3f",
    "data": [
      {
        "text": "อาหารในเมืองขอนแก่น",
        "userDefined": false
      }
    ],
    "isTemplate": false,
    "count": 0,
    "lang": "th",
    "updated": 0
  },
  {
    "id": "55d09776-28ed-4488-82ef-c7f45cf369e4",
    "data": [
      {
        "text": "อาหารในเมือง",
        "userDefined": false
      }
    ],
    "isTemplate": false,
    "count": 0,
    "lang": "th",
    "updated": 0
  },
  {
    "id": "7bffd132-6317-4741-853a-aabde5083c49",
    "data": [
      {
        "text": "ช่วยแนะนำร้านอาหารในเมืองขอนแก่นหน่อย",
        "userDefined": false
      }
    ],
    "isTemplate": false,
    "count": 0,
    "lang": "th",
    "updated": 0
  },
  {
    "id": "b7a24067-74ee-457b-a8e9-e32240eb3326",
    "data": [
      {
        "text": "ร้านอาหารในเมืองขอนแก่นมีที่ไหนบ้าง",
        "userDefined": false
      }
    ],
    "isTemplate": false,
    "count": 0,
    "lang": "th",
    "updated": 0
  },
  {
    "id": "f65575eb-4c79-49c5-967b-34fe21875e7c",
    "data": [
      {
        "text": "อาหารอำเภอเมือง",
        "userDefined": false
      }
    ],
    "isTemplate": false,
    "count": 0,
    "lang": "th",
    "updated": 0
  },
  {
    "id": "af7669b7-dcc7-4da9-a29a-ad8565a6b2fd",
    "data": [
      {
        "text": "ร้านอาหารในเมืองขอนแก่น",
        "userDefined": false
      }
    ],
    "isTemplate": false,
    "count": 0,
    "lang": "th",
    "updated": 0
  }
]